meta_id,post_id,meta_key,meta_value
MQ==,Mg==,X3dwX3BhZ2VfdGVtcGxhdGU=,cGFnZS10ZW1wbGF0ZXMvbm8tc2lkZWJhci5waHA=
meta_id,post_id,meta_key,meta_value
Mg==,Mg==,X2VkaXRfbG9jaw==,MTUxNzkwNTE0Mjox
meta_id,post_id,meta_key,meta_value
Mw==,Mg==,X2VkaXRfbGFzdA==,MQ==
meta_id,post_id,meta_key,meta_value
NA==,Ng==,X3dwX3RyYXNoX21ldGFfc3RhdHVz,cHVibGlzaA==
meta_id,post_id,meta_key,meta_value
NQ==,Ng==,X3dwX3RyYXNoX21ldGFfdGltZQ==,MTUxNzgyMjU1NA==
meta_id,post_id,meta_key,meta_value
Ng==,OA==,X21lbnVfaXRlbV90eXBl,Y3VzdG9t
meta_id,post_id,meta_key,meta_value
Nw==,OA==,X21lbnVfaXRlbV9tZW51X2l0ZW1fcGFyZW50,MA==
meta_id,post_id,meta_key,meta_value
OA==,OA==,X21lbnVfaXRlbV9vYmplY3RfaWQ=,OA==
meta_id,post_id,meta_key,meta_value
OQ==,OA==,X21lbnVfaXRlbV9vYmplY3Q=,Y3VzdG9t
meta_id,post_id,meta_key,meta_value
MTA=,OA==,X21lbnVfaXRlbV90YXJnZXQ=,
meta_id,post_id,meta_key,meta_value
MTE=,OA==,X21lbnVfaXRlbV9jbGFzc2Vz,YToxOntpOjA7czowOiIiO30=
meta_id,post_id,meta_key,meta_value
MTI=,OA==,X21lbnVfaXRlbV94Zm4=,
meta_id,post_id,meta_key,meta_value
MTM=,OA==,X21lbnVfaXRlbV91cmw=,aHR0cDovL2xvY2FsaG9zdC8=
meta_id,post_id,meta_key,meta_value
MTQ=,OA==,X21lbnVfaXRlbV9vcnBoYW5lZA==,MTUxNzgyMjYwMA==
meta_id,post_id,meta_key,meta_value
MTU=,OQ==,X21lbnVfaXRlbV90eXBl,cG9zdF90eXBl
meta_id,post_id,meta_key,meta_value
MTY=,OQ==,X21lbnVfaXRlbV9tZW51X2l0ZW1fcGFyZW50,MA==
meta_id,post_id,meta_key,meta_value
MTc=,OQ==,X21lbnVfaXRlbV9vYmplY3RfaWQ=,Mg==
meta_id,post_id,meta_key,meta_value
MTg=,OQ==,X21lbnVfaXRlbV9vYmplY3Q=,cGFnZQ==
meta_id,post_id,meta_key,meta_value
MTk=,OQ==,X21lbnVfaXRlbV90YXJnZXQ=,
meta_id,post_id,meta_key,meta_value
MjA=,OQ==,X21lbnVfaXRlbV9jbGFzc2Vz,YToxOntpOjA7czowOiIiO30=
meta_id,post_id,meta_key,meta_value
MjE=,OQ==,X21lbnVfaXRlbV94Zm4=,
meta_id,post_id,meta_key,meta_value
MjI=,OQ==,X21lbnVfaXRlbV91cmw=,
meta_id,post_id,meta_key,meta_value
MjM=,OQ==,X21lbnVfaXRlbV9vcnBoYW5lZA==,MTUxNzgyMjYwMQ==
meta_id,post_id,meta_key,meta_value
MjQ=,Mw==,X2VkaXRfbG9jaw==,MTUxNzgyMjUxNzox
meta_id,post_id,meta_key,meta_value
MjU=,Mg==,d3B0cl9oaWRlX3RpdGxl,MA==
meta_id,post_id,meta_key,meta_value
MjY=,MTA=,X3dwX2F0dGFjaGVkX2ZpbGU=,MjAxOC8wMi9tb2hsYWxhX2xvZ28ucG5n
meta_id,post_id,meta_key,meta_value
Mjc=,MTA=,X3dwX2F0dGFjaG1lbnRfbWV0YWRhdGE=,YTo1OntzOjU6IndpZHRoIjtpOjEzMzM7czo2OiJoZWlnaHQiO2k6MTY4NjtzOjQ6ImZpbGUiO3M6MjQ6IjIwMTgvMDIvbW9obGFsYV9sb2dvLnBuZyI7czo1OiJzaXplcyI7YToxMjp7czo5OiJ0aHVtYm5haWwiO2E6NDp7czo0OiJmaWxlIjtzOjI0OiJtb2hsYWxhX2xvZ28tMTUweDE1MC5wbmciO3M6NToid2lkdGgiO2k6MTUwO3M6NjoiaGVpZ2h0IjtpOjE1MDtzOjk6Im1pbWUtdHlwZSI7czo5OiJpbWFnZS9wbmciO31zOjY6Im1lZGl1bSI7YTo0OntzOjQ6ImZpbGUiO3M6MjQ6Im1vaGxhbGFfbG9nby0yMzd4MzAwLnBuZyI7czo1OiJ3aWR0aCI7aToyMzc7czo2OiJoZWlnaHQiO2k6MzAwO3M6OToibWltZS10eXBlIjtzOjk6ImltYWdlL3BuZyI7fXM6MTI6Im1lZGl1bV9sYXJnZSI7YTo0OntzOjQ6ImZpbGUiO3M6MjQ6Im1vaGxhbGFfbG9nby03Njh4OTcxLnBuZyI7czo1OiJ3aWR0aCI7aTo3Njg7czo2OiJoZWlnaHQiO2k6OTcxO3M6OToibWltZS10eXBlIjtzOjk6ImltYWdlL3BuZyI7fXM6NToibGFyZ2UiO2E6NDp7czo0OiJmaWxlIjtzOjI1OiJtb2hsYWxhX2xvZ28tODEweDEwMjQucG5nIjtzOjU6IndpZHRoIjtpOjgxMDtzOjY6ImhlaWdodCI7aToxMDI0O3M6OToibWltZS10eXBlIjtzOjk6ImltYWdlL3BuZyI7fXM6MTU6ImlsbGR5LWJsb2ctbGlzdCI7YTo0OntzOjQ6ImZpbGUiO3M6MjQ6Im1vaGxhbGFfbG9nby03NTB4NTAwLnBuZyI7czo1OiJ3aWR0aCI7aTo3NTA7czo2OiJoZWlnaHQiO2k6NTAwO3M6OToibWltZS10eXBlIjtzOjk6ImltYWdlL3BuZyI7fXM6MjU6ImlsbGR5LXdpZGdldC1yZWNlbnQtcG9zdHMiO2E6NDp7czo0OiJmaWxlIjtzOjIyOiJtb2hsYWxhX2xvZ28tNzB4NzAucG5nIjtzOjU6IndpZHRoIjtpOjcwO3M6NjoiaGVpZ2h0IjtpOjcwO3M6OToibWltZS10eXBlIjtzOjk6ImltYWdlL3BuZyI7fXM6MzI6ImlsbGR5LWJsb2ctcG9zdC1yZWxhdGVkLWFydGljbGVzIjthOjQ6e3M6NDoiZmlsZSI7czoyNDoibW9obGFsYV9sb2dvLTI0MHgyMDYucG5nIjtzOjU6IndpZHRoIjtpOjI0MDtzOjY6ImhlaWdodCI7aToyMDY7czo5OiJtaW1lLXR5cGUiO3M6OToiaW1hZ2UvcG5nIjt9czoyODoiaWxsZHktZnJvbnQtcGFnZS1sYXRlc3QtbmV3cyI7YTo0OntzOjQ6ImZpbGUiO3M6MjQ6Im1vaGxhbGFfbG9nby0yNTB4MjEzLnBuZyI7czo1OiJ3aWR0aCI7aToyNTA7czo2OiJoZWlnaHQiO2k6MjEzO3M6OToibWltZS10eXBlIjtzOjk6ImltYWdlL3BuZyI7fXM6Mjk6ImlsbGR5LWZyb250LXBhZ2UtdGVzdGltb25pYWxzIjthOjQ6e3M6NDoiZmlsZSI7czoyNDoibW9obGFsYV9sb2dvLTEyN3gxMjcucG5nIjtzOjU6IndpZHRoIjtpOjEyNztzOjY6ImhlaWdodCI7aToxMjc7czo5OiJtaW1lLXR5cGUiO3M6OToiaW1hZ2UvcG5nIjt9czoyNToiaWxsZHktZnJvbnQtcGFnZS1wcm9qZWN0cyI7YTo0OntzOjQ6ImZpbGUiO3M6MjQ6Im1vaGxhbGFfbG9nby00NzZ4NDc2LnBuZyI7czo1OiJ3aWR0aCI7aTo0NzY7czo2OiJoZWlnaHQiO2k6NDc2O3M6OToibWltZS10eXBlIjtzOjk6ImltYWdlL3BuZyI7fXM6MjM6ImlsbGR5LWZyb250LXBhZ2UtcGVyc29uIjthOjQ6e3M6NDoiZmlsZSI7czoyNDoibW9obGFsYV9sb2dvLTEyNXgxMjUucG5nIjtzOjU6IndpZHRoIjtpOjEyNTtzOjY6ImhlaWdodCI7aToxMjU7czo5OiJtaW1lLXR5cGUiO3M6OToiaW1hZ2UvcG5nIjt9czoyMDoic293LWNhcm91c2VsLWRlZmF1bHQiO2E6NDp7czo0OiJmaWxlIjtzOjI0OiJtb2hsYWxhX2xvZ28tMjcyeDE4Mi5wbmciO3M6NToid2lkdGgiO2k6MjcyO3M6NjoiaGVpZ2h0IjtpOjE4MjtzOjk6Im1pbWUtdHlwZSI7czo5OiJpbWFnZS9wbmciO319czoxMDoiaW1hZ2VfbWV0YSI7YToxMjp7czo4OiJhcGVydHVyZSI7czoxOiIwIjtzOjY6ImNyZWRpdCI7czowOiIiO3M6NjoiY2FtZXJhIjtzOjA6IiI7czo3OiJjYXB0aW9uIjtzOjA6IiI7czoxNzoiY3JlYXRlZF90aW1lc3RhbXAiO3M6MToiMCI7czo5OiJjb3B5cmlnaHQiO3M6MDoiIjtzOjEyOiJmb2NhbF9sZW5ndGgiO3M6MToiMCI7czozOiJpc28iO3M6MToiMCI7czoxMzoic2h1dHRlcl9zcGVlZCI7czoxOiIwIjtzOjU6InRpdGxlIjtzOjA6IiI7czoxMToib3JpZW50YXRpb24iO3M6MToiMCI7czo4OiJrZXl3b3JkcyI7YTowOnt9fX0=
meta_id,post_id,meta_key,meta_value
Mjg=,MTE=,X3dwX2F0dGFjaGVkX2ZpbGU=,MjAxOC8wMi9jcm9wcGVkLW1vaGxhbGFfbG9nby5wbmc=
meta_id,post_id,meta_key,meta_value
Mjk=,MTE=,X3dwX2F0dGFjaG1lbnRfY29udGV4dA==,Y3VzdG9tLWxvZ28=
meta_id,post_id,meta_key,meta_value
MzA=,MTE=,X3dwX2F0dGFjaG1lbnRfbWV0YWRhdGE=,YTo1OntzOjU6IndpZHRoIjtpOjU5O3M6NjoiaGVpZ2h0IjtpOjc1O3M6NDoiZmlsZSI7czozMjoiMjAxOC8wMi9jcm9wcGVkLW1vaGxhbGFfbG9nby5wbmciO3M6NToic2l6ZXMiO2E6MTp7czoyNToiaWxsZHktd2lkZ2V0LXJlY2VudC1wb3N0cyI7YTo0OntzOjQ6ImZpbGUiO3M6MzA6ImNyb3BwZWQtbW9obGFsYV9sb2dvLTU5eDcwLnBuZyI7czo1OiJ3aWR0aCI7aTo1OTtzOjY6ImhlaWdodCI7aTo3MDtzOjk6Im1pbWUtdHlwZSI7czo5OiJpbWFnZS9wbmciO319czoxMDoiaW1hZ2VfbWV0YSI7YToxMjp7czo4OiJhcGVydHVyZSI7czoxOiIwIjtzOjY6ImNyZWRpdCI7czowOiIiO3M6NjoiY2FtZXJhIjtzOjA6IiI7czo3OiJjYXB0aW9uIjtzOjA6IiI7czoxNzoiY3JlYXRlZF90aW1lc3RhbXAiO3M6MToiMCI7czo5OiJjb3B5cmlnaHQiO3M6MDoiIjtzOjEyOiJmb2NhbF9sZW5ndGgiO3M6MToiMCI7czozOiJpc28iO3M6MToiMCI7czoxMzoic2h1dHRlcl9zcGVlZCI7czoxOiIwIjtzOjU6InRpdGxlIjtzOjA6IiI7czoxMToib3JpZW50YXRpb24iO3M6MToiMCI7czo4OiJrZXl3b3JkcyI7YTowOnt9fX0=
meta_id,post_id,meta_key,meta_value
MzE=,MTI=,X3dwX3RyYXNoX21ldGFfc3RhdHVz,cHVibGlzaA==
meta_id,post_id,meta_key,meta_value
MzI=,MTI=,X3dwX3RyYXNoX21ldGFfdGltZQ==,MTUxNzgzMzgwNg==
meta_id,post_id,meta_key,meta_value
MzM=,MTM=,X3dwX3RyYXNoX21ldGFfc3RhdHVz,cHVibGlzaA==
meta_id,post_id,meta_key,meta_value
MzQ=,MTM=,X3dwX3RyYXNoX21ldGFfdGltZQ==,MTUxNzgzMzgxNQ==
meta_id,post_id,meta_key,meta_value
MzU=,MTQ=,X3dwX3RyYXNoX21ldGFfc3RhdHVz,cHVibGlzaA==
meta_id,post_id,meta_key,meta_value
MzY=,MTQ=,X3dwX3RyYXNoX21ldGFfdGltZQ==,MTUxNzgzMzgzMQ==
meta_id,post_id,meta_key,meta_value
Mzc=,MTU=,X2VkaXRfbG9jaw==,MTUxNzgzMzg2Nzox
meta_id,post_id,meta_key,meta_value
Mzg=,MTU=,X3dwX3RyYXNoX21ldGFfc3RhdHVz,cHVibGlzaA==
meta_id,post_id,meta_key,meta_value
Mzk=,MTU=,X3dwX3RyYXNoX21ldGFfdGltZQ==,MTUxNzgzMzg2Ng==
meta_id,post_id,meta_key,meta_value
NDA=,MTY=,X3dwX3RyYXNoX21ldGFfc3RhdHVz,cHVibGlzaA==
meta_id,post_id,meta_key,meta_value
NDE=,MTY=,X3dwX3RyYXNoX21ldGFfdGltZQ==,MTUxNzgzNDA4OQ==
meta_id,post_id,meta_key,meta_value
NDI=,MTk=,X2VkaXRfbG9jaw==,MTUxNzgzNDU5NDox
meta_id,post_id,meta_key,meta_value
NDM=,MTk=,X3dwX3RyYXNoX21ldGFfc3RhdHVz,cHVibGlzaA==
meta_id,post_id,meta_key,meta_value
NDQ=,MTk=,X3dwX3RyYXNoX21ldGFfdGltZQ==,MTUxNzgzNDU5Ng==
meta_id,post_id,meta_key,meta_value
NDU=,MjA=,X2VkaXRfbG9jaw==,MTUxNzgzNTYxOTox
meta_id,post_id,meta_key,meta_value
NDY=,MjA=,X3dwX3RyYXNoX21ldGFfc3RhdHVz,cHVibGlzaA==
meta_id,post_id,meta_key,meta_value
NDc=,MjA=,X3dwX3RyYXNoX21ldGFfdGltZQ==,MTUxNzgzNTYyMg==
meta_id,post_id,meta_key,meta_value
NDg=,MjE=,X3dwX3RyYXNoX21ldGFfc3RhdHVz,cHVibGlzaA==
meta_id,post_id,meta_key,meta_value
NDk=,MjE=,X3dwX3RyYXNoX21ldGFfdGltZQ==,MTUxNzgzNTcwMA==
meta_id,post_id,meta_key,meta_value
NTA=,MjI=,X3dwX3RyYXNoX21ldGFfc3RhdHVz,cHVibGlzaA==
meta_id,post_id,meta_key,meta_value
NTE=,MjI=,X3dwX3RyYXNoX21ldGFfdGltZQ==,MTUxNzgzNTc4NA==
meta_id,post_id,meta_key,meta_value
NTI=,MjM=,X3dwX3RyYXNoX21ldGFfc3RhdHVz,cHVibGlzaA==
meta_id,post_id,meta_key,meta_value
NTM=,MjM=,X3dwX3RyYXNoX21ldGFfdGltZQ==,MTUxNzgzNTgwMA==
meta_id,post_id,meta_key,meta_value
NTQ=,MjQ=,X2VkaXRfbG9jaw==,MTUxNzgzNjE4Nzox
meta_id,post_id,meta_key,meta_value
NTU=,MjU=,X3dwX2F0dGFjaGVkX2ZpbGU=,MjAxOC8wMi9pbWdfdGVhbV8xLmpwZw==
meta_id,post_id,meta_key,meta_value
NTY=,MjU=,X3dwX2F0dGFjaG1lbnRfbWV0YWRhdGE=,YTo1OntzOjU6IndpZHRoIjtpOjEyMDA7czo2OiJoZWlnaHQiO2k6MTYwMDtzOjQ6ImZpbGUiO3M6MjI6IjIwMTgvMDIvaW1nX3RlYW1fMS5qcGciO3M6NToic2l6ZXMiO2E6MTI6e3M6OToidGh1bWJuYWlsIjthOjQ6e3M6NDoiZmlsZSI7czoyMjoiaW1nX3RlYW1fMS0xNTB4MTUwLmpwZyI7czo1OiJ3aWR0aCI7aToxNTA7czo2OiJoZWlnaHQiO2k6MTUwO3M6OToibWltZS10eXBlIjtzOjEwOiJpbWFnZS9qcGVnIjt9czo2OiJtZWRpdW0iO2E6NDp7czo0OiJmaWxlIjtzOjIyOiJpbWdfdGVhbV8xLTIyNXgzMDAuanBnIjtzOjU6IndpZHRoIjtpOjIyNTtzOjY6ImhlaWdodCI7aTozMDA7czo5OiJtaW1lLXR5cGUiO3M6MTA6ImltYWdlL2pwZWciO31zOjEyOiJtZWRpdW1fbGFyZ2UiO2E6NDp7czo0OiJmaWxlIjtzOjIzOiJpbWdfdGVhbV8xLTc2OHgxMDI0LmpwZyI7czo1OiJ3aWR0aCI7aTo3Njg7czo2OiJoZWlnaHQiO2k6MTAyNDtzOjk6Im1pbWUtdHlwZSI7czoxMDoiaW1hZ2UvanBlZyI7fXM6NToibGFyZ2UiO2E6NDp7czo0OiJmaWxlIjtzOjIzOiJpbWdfdGVhbV8xLTc2OHgxMDI0LmpwZyI7czo1OiJ3aWR0aCI7aTo3Njg7czo2OiJoZWlnaHQiO2k6MTAyNDtzOjk6Im1pbWUtdHlwZSI7czoxMDoiaW1hZ2UvanBlZyI7fXM6MTU6ImlsbGR5LWJsb2ctbGlzdCI7YTo0OntzOjQ6ImZpbGUiO3M6MjI6ImltZ190ZWFtXzEtNzUweDUwMC5qcGciO3M6NToid2lkdGgiO2k6NzUwO3M6NjoiaGVpZ2h0IjtpOjUwMDtzOjk6Im1pbWUtdHlwZSI7czoxMDoiaW1hZ2UvanBlZyI7fXM6MjU6ImlsbGR5LXdpZGdldC1yZWNlbnQtcG9zdHMiO2E6NDp7czo0OiJmaWxlIjtzOjIwOiJpbWdfdGVhbV8xLTcweDcwLmpwZyI7czo1OiJ3aWR0aCI7aTo3MDtzOjY6ImhlaWdodCI7aTo3MDtzOjk6Im1pbWUtdHlwZSI7czoxMDoiaW1hZ2UvanBlZyI7fXM6MzI6ImlsbGR5LWJsb2ctcG9zdC1yZWxhdGVkLWFydGljbGVzIjthOjQ6e3M6NDoiZmlsZSI7czoyMjoiaW1nX3RlYW1fMS0yNDB4MjA2LmpwZyI7czo1OiJ3aWR0aCI7aToyNDA7czo2OiJoZWlnaHQiO2k6MjA2O3M6OToibWltZS10eXBlIjtzOjEwOiJpbWFnZS9qcGVnIjt9czoyODoiaWxsZHktZnJvbnQtcGFnZS1sYXRlc3QtbmV3cyI7YTo0OntzOjQ6ImZpbGUiO3M6MjI6ImltZ190ZWFtXzEtMjUweDIxMy5qcGciO3M6NToid2lkdGgiO2k6MjUwO3M6NjoiaGVpZ2h0IjtpOjIxMztzOjk6Im1pbWUtdHlwZSI7czoxMDoiaW1hZ2UvanBlZyI7fXM6Mjk6ImlsbGR5LWZyb250LXBhZ2UtdGVzdGltb25pYWxzIjthOjQ6e3M6NDoiZmlsZSI7czoyMjoiaW1nX3RlYW1fMS0xMjd4MTI3LmpwZyI7czo1OiJ3aWR0aCI7aToxMjc7czo2OiJoZWlnaHQiO2k6MTI3O3M6OToibWltZS10eXBlIjtzOjEwOiJpbWFnZS9qcGVnIjt9czoyNToiaWxsZHktZnJvbnQtcGFnZS1wcm9qZWN0cyI7YTo0OntzOjQ6ImZpbGUiO3M6MjI6ImltZ190ZWFtXzEtNDc2eDQ3Ni5qcGciO3M6NToid2lkdGgiO2k6NDc2O3M6NjoiaGVpZ2h0IjtpOjQ3NjtzOjk6Im1pbWUtdHlwZSI7czoxMDoiaW1hZ2UvanBlZyI7fXM6MjM6ImlsbGR5LWZyb250LXBhZ2UtcGVyc29uIjthOjQ6e3M6NDoiZmlsZSI7czoyMjoiaW1nX3RlYW1fMS0xMjV4MTI1LmpwZyI7czo1OiJ3aWR0aCI7aToxMjU7czo2OiJoZWlnaHQiO2k6MTI1O3M6OToibWltZS10eXBlIjtzOjEwOiJpbWFnZS9qcGVnIjt9czoyMDoic293LWNhcm91c2VsLWRlZmF1bHQiO2E6NDp7czo0OiJmaWxlIjtzOjIyOiJpbWdfdGVhbV8xLTI3MngxODIuanBnIjtzOjU6IndpZHRoIjtpOjI3MjtzOjY6ImhlaWdodCI7aToxODI7czo5OiJtaW1lLXR5cGUiO3M6MTA6ImltYWdlL2pwZWciO319czoxMDoiaW1hZ2VfbWV0YSI7YToxMjp7czo4OiJhcGVydHVyZSI7czoxOiIwIjtzOjY6ImNyZWRpdCI7czowOiIiO3M6NjoiY2FtZXJhIjtzOjA6IiI7czo3OiJjYXB0aW9uIjtzOjA6IiI7czoxNzoiY3JlYXRlZF90aW1lc3RhbXAiO3M6MToiMCI7czo5OiJjb3B5cmlnaHQiO3M6MDoiIjtzOjEyOiJmb2NhbF9sZW5ndGgiO3M6MToiMCI7czozOiJpc28iO3M6MToiMCI7czoxMzoic2h1dHRlcl9zcGVlZCI7czoxOiIwIjtzOjU6InRpdGxlIjtzOjA6IiI7czoxMToib3JpZW50YXRpb24iO3M6MToiMCI7czo4OiJrZXl3b3JkcyI7YTowOnt9fX0=
meta_id,post_id,meta_key,meta_value
NTc=,MjQ=,X3dwX3RyYXNoX21ldGFfc3RhdHVz,cHVibGlzaA==
meta_id,post_id,meta_key,meta_value
NTg=,MjQ=,X3dwX3RyYXNoX21ldGFfdGltZQ==,MTUxNzgzNjE4OQ==
meta_id,post_id,meta_key,meta_value
NTk=,MjY=,X3dwX2F0dGFjaGVkX2ZpbGU=,MjAxOC8wMi9pbWdfdGVhbV8yLmpwZw==
meta_id,post_id,meta_key,meta_value
NjA=,MjY=,X3dwX2F0dGFjaG1lbnRfbWV0YWRhdGE=,YTo1OntzOjU6IndpZHRoIjtpOjU5NjtzOjY6ImhlaWdodCI7aTo1OTY7czo0OiJmaWxlIjtzOjIyOiIyMDE4LzAyL2ltZ190ZWFtXzIuanBnIjtzOjU6InNpemVzIjthOjEwOntzOjk6InRodW1ibmFpbCI7YTo0OntzOjQ6ImZpbGUiO3M6MjI6ImltZ190ZWFtXzItMTUweDE1MC5qcGciO3M6NToid2lkdGgiO2k6MTUwO3M6NjoiaGVpZ2h0IjtpOjE1MDtzOjk6Im1pbWUtdHlwZSI7czoxMDoiaW1hZ2UvanBlZyI7fXM6NjoibWVkaXVtIjthOjQ6e3M6NDoiZmlsZSI7czoyMjoiaW1nX3RlYW1fMi0zMDB4MzAwLmpwZyI7czo1OiJ3aWR0aCI7aTozMDA7czo2OiJoZWlnaHQiO2k6MzAwO3M6OToibWltZS10eXBlIjtzOjEwOiJpbWFnZS9qcGVnIjt9czoxNToiaWxsZHktYmxvZy1saXN0IjthOjQ6e3M6NDoiZmlsZSI7czoyMjoiaW1nX3RlYW1fMi01OTZ4NTAwLmpwZyI7czo1OiJ3aWR0aCI7aTo1OTY7czo2OiJoZWlnaHQiO2k6NTAwO3M6OToibWltZS10eXBlIjtzOjEwOiJpbWFnZS9qcGVnIjt9czoyNToiaWxsZHktd2lkZ2V0LXJlY2VudC1wb3N0cyI7YTo0OntzOjQ6ImZpbGUiO3M6MjA6ImltZ190ZWFtXzItNzB4NzAuanBnIjtzOjU6IndpZHRoIjtpOjcwO3M6NjoiaGVpZ2h0IjtpOjcwO3M6OToibWltZS10eXBlIjtzOjEwOiJpbWFnZS9qcGVnIjt9czozMjoiaWxsZHktYmxvZy1wb3N0LXJlbGF0ZWQtYXJ0aWNsZXMiO2E6NDp7czo0OiJmaWxlIjtzOjIyOiJpbWdfdGVhbV8yLTI0MHgyMDYuanBnIjtzOjU6IndpZHRoIjtpOjI0MDtzOjY6ImhlaWdodCI7aToyMDY7czo5OiJtaW1lLXR5cGUiO3M6MTA6ImltYWdlL2pwZWciO31zOjI4OiJpbGxkeS1mcm9udC1wYWdlLWxhdGVzdC1uZXdzIjthOjQ6e3M6NDoiZmlsZSI7czoyMjoiaW1nX3RlYW1fMi0yNTB4MjEzLmpwZyI7czo1OiJ3aWR0aCI7aToyNTA7czo2OiJoZWlnaHQiO2k6MjEzO3M6OToibWltZS10eXBlIjtzOjEwOiJpbWFnZS9qcGVnIjt9czoyOToiaWxsZHktZnJvbnQtcGFnZS10ZXN0aW1vbmlhbHMiO2E6NDp7czo0OiJmaWxlIjtzOjIyOiJpbWdfdGVhbV8yLTEyN3gxMjcuanBnIjtzOjU6IndpZHRoIjtpOjEyNztzOjY6ImhlaWdodCI7aToxMjc7czo5OiJtaW1lLXR5cGUiO3M6MTA6ImltYWdlL2pwZWciO31zOjI1OiJpbGxkeS1mcm9udC1wYWdlLXByb2plY3RzIjthOjQ6e3M6NDoiZmlsZSI7czoyMjoiaW1nX3RlYW1fMi00NzZ4NDc2LmpwZyI7czo1OiJ3aWR0aCI7aTo0NzY7czo2OiJoZWlnaHQiO2k6NDc2O3M6OToibWltZS10eXBlIjtzOjEwOiJpbWFnZS9qcGVnIjt9czoyMzoiaWxsZHktZnJvbnQtcGFnZS1wZXJzb24iO2E6NDp7czo0OiJmaWxlIjtzOjIyOiJpbWdfdGVhbV8yLTEyNXgxMjUuanBnIjtzOjU6IndpZHRoIjtpOjEyNTtzOjY6ImhlaWdodCI7aToxMjU7czo5OiJtaW1lLXR5cGUiO3M6MTA6ImltYWdlL2pwZWciO31zOjIwOiJzb3ctY2Fyb3VzZWwtZGVmYXVsdCI7YTo0OntzOjQ6ImZpbGUiO3M6MjI6ImltZ190ZWFtXzItMjcyeDE4Mi5qcGciO3M6NToid2lkdGgiO2k6MjcyO3M6NjoiaGVpZ2h0IjtpOjE4MjtzOjk6Im1pbWUtdHlwZSI7czoxMDoiaW1hZ2UvanBlZyI7fX1zOjEwOiJpbWFnZV9tZXRhIjthOjEyOntzOjg6ImFwZXJ0dXJlIjtzOjE6IjAiO3M6NjoiY3JlZGl0IjtzOjA6IiI7czo2OiJjYW1lcmEiO3M6MDoiIjtzOjc6ImNhcHRpb24iO3M6MDoiIjtzOjE3OiJjcmVhdGVkX3RpbWVzdGFtcCI7czoxOiIwIjtzOjk6ImNvcHlyaWdodCI7czowOiIiO3M6MTI6ImZvY2FsX2xlbmd0aCI7czoxOiIwIjtzOjM6ImlzbyI7czoxOiIwIjtzOjEzOiJzaHV0dGVyX3NwZWVkIjtzOjE6IjAiO3M6NToidGl0bGUiO3M6MDoiIjtzOjExOiJvcmllbnRhdGlvbiI7czoxOiIwIjtzOjg6ImtleXdvcmRzIjthOjA6e319fQ==
meta_id,post_id,meta_key,meta_value
NjE=,Mjc=,X2VkaXRfbG9jaw==,MTUxNzgzNjQwMjox
meta_id,post_id,meta_key,meta_value
NjI=,Mjc=,X3dwX3RyYXNoX21ldGFfc3RhdHVz,cHVibGlzaA==
meta_id,post_id,meta_key,meta_value
NjM=,Mjc=,X3dwX3RyYXNoX21ldGFfdGltZQ==,MTUxNzgzNjQwNA==
meta_id,post_id,meta_key,meta_value
NjQ=,Mjg=,X2VkaXRfbG9jaw==,MTUxNzgzNjQzNzox
meta_id,post_id,meta_key,meta_value
NjU=,Mjg=,X3dwX3RyYXNoX21ldGFfc3RhdHVz,cHVibGlzaA==
meta_id,post_id,meta_key,meta_value
NjY=,Mjg=,X3dwX3RyYXNoX21ldGFfdGltZQ==,MTUxNzgzNjQzOA==
meta_id,post_id,meta_key,meta_value
Njc=,Mjk=,X2VkaXRfbG9jaw==,MTUxNzgzNjU3Njox
meta_id,post_id,meta_key,meta_value
Njg=,Mjk=,X2VkaXRfbG9jaw==,MTUxNzgzNjU3Njox
meta_id,post_id,meta_key,meta_value
Njk=,Mjk=,X3dwX3RyYXNoX21ldGFfc3RhdHVz,cHVibGlzaA==
meta_id,post_id,meta_key,meta_value
NzA=,Mjk=,X3dwX3RyYXNoX21ldGFfdGltZQ==,MTUxNzgzNjU3OQ==
meta_id,post_id,meta_key,meta_value
NzE=,MzA=,X2Zvcm0=,PGxhYmVsPiBZb3VyIE5hbWUgKHJlcXVpcmVkKQogICAgW3RleHQqIHlvdXItbmFtZV0gPC9sYWJlbD4KCjxsYWJlbD4gWW91ciBFbWFpbCAocmVxdWlyZWQpCiAgICBbZW1haWwqIHlvdXItZW1haWxdIDwvbGFiZWw+Cgo8bGFiZWw+IFN1YmplY3QKICAgIFt0ZXh0IHlvdXItc3ViamVjdF0gPC9sYWJlbD4KCjxsYWJlbD4gWW91ciBNZXNzYWdlCiAgICBbdGV4dGFyZWEgeW91ci1tZXNzYWdlXSA8L2xhYmVsPgoKW3N1Ym1pdCAiU2VuZCJd
meta_id,post_id,meta_key,meta_value
NzI=,MzA=,X21haWw=,YTo5OntzOjY6ImFjdGl2ZSI7YjoxO3M6Nzoic3ViamVjdCI7czoyNzoiTW9obGFsYSBBbHVtaW5pdW0gYW5kIEdsYXNzIjtzOjY6InNlbmRlciI7czozMjoiaW5mb0Btb2hsYWxhYWx1bWluaXVtZ2xhc3MuY28uemEiO3M6OToicmVjaXBpZW50IjtzOjMyOiJpbmZvQG1vaGxhbGFhbHVtaW5pdW1nbGFzcy5jby56YSI7czo0OiJib2R5IjtzOjE4MjoiRnJvbTogW3lvdXItbmFtZV0gPFt5b3VyLWVtYWlsXT4KU3ViamVjdDogW3lvdXItc3ViamVjdF0KCk1lc3NhZ2UgQm9keToKW3lvdXItbWVzc2FnZV0KCi0tIApUaGlzIGUtbWFpbCB3YXMgc2VudCBmcm9tIGEgY29udGFjdCBmb3JtIG9uIE1vaGxhbGEgQWx1bWluaXVtIGFuZCBHbGFzcyAoaHR0cDovL2xvY2FsaG9zdCkiO3M6MTg6ImFkZGl0aW9uYWxfaGVhZGVycyI7czoyMjoiUmVwbHktVG86IFt5b3VyLWVtYWlsXSI7czoxMToiYXR0YWNobWVudHMiO3M6MDoiIjtzOjg6InVzZV9odG1sIjtiOjA7czoxMzoiZXhjbHVkZV9ibGFuayI7YjowO30=
meta_id,post_id,meta_key,meta_value
NzM=,MzA=,X21haWxfMg==,YTo5OntzOjY6ImFjdGl2ZSI7YjowO3M6Nzoic3ViamVjdCI7czo0NDoiTW9obGFsYSBBbHVtaW5pdW0gYW5kIEdsYXNzICJbeW91ci1zdWJqZWN0XSIiO3M6Njoic2VuZGVyIjtzOjQ3OiJNb2hsYWxhIEFsdW1pbml1bSBhbmQgR2xhc3MgPGR1bWlpY3RAZ21haWwuY29tPiI7czo5OiJyZWNpcGllbnQiO3M6MTI6Ilt5b3VyLWVtYWlsXSI7czo0OiJib2R5IjtzOjEyNDoiTWVzc2FnZSBCb2R5OgpbeW91ci1tZXNzYWdlXQoKLS0gClRoaXMgZS1tYWlsIHdhcyBzZW50IGZyb20gYSBjb250YWN0IGZvcm0gb24gTW9obGFsYSBBbHVtaW5pdW0gYW5kIEdsYXNzIChodHRwOi8vbG9jYWxob3N0KSI7czoxODoiYWRkaXRpb25hbF9oZWFkZXJzIjtzOjI3OiJSZXBseS1UbzogZHVtaWljdEBnbWFpbC5jb20iO3M6MTE6ImF0dGFjaG1lbnRzIjtzOjA6IiI7czo4OiJ1c2VfaHRtbCI7YjowO3M6MTM6ImV4Y2x1ZGVfYmxhbmsiO2I6MDt9
meta_id,post_id,meta_key,meta_value
NzQ=,MzA=,X21lc3NhZ2Vz,YToyMzp7czoxMjoibWFpbF9zZW50X29rIjtzOjQ1OiJUaGFuayB5b3UgZm9yIHlvdXIgbWVzc2FnZS4gSXQgaGFzIGJlZW4gc2VudC4iO3M6MTI6Im1haWxfc2VudF9uZyI7czo3MToiVGhlcmUgd2FzIGFuIGVycm9yIHRyeWluZyB0byBzZW5kIHlvdXIgbWVzc2FnZS4gUGxlYXNlIHRyeSBhZ2FpbiBsYXRlci4iO3M6MTY6InZhbGlkYXRpb25fZXJyb3IiO3M6NjE6Ik9uZSBvciBtb3JlIGZpZWxkcyBoYXZlIGFuIGVycm9yLiBQbGVhc2UgY2hlY2sgYW5kIHRyeSBhZ2Fpbi4iO3M6NDoic3BhbSI7czo3MToiVGhlcmUgd2FzIGFuIGVycm9yIHRyeWluZyB0byBzZW5kIHlvdXIgbWVzc2FnZS4gUGxlYXNlIHRyeSBhZ2FpbiBsYXRlci4iO3M6MTI6ImFjY2VwdF90ZXJtcyI7czo2OToiWW91IG11c3QgYWNjZXB0IHRoZSB0ZXJtcyBhbmQgY29uZGl0aW9ucyBiZWZvcmUgc2VuZGluZyB5b3VyIG1lc3NhZ2UuIjtzOjE2OiJpbnZhbGlkX3JlcXVpcmVkIjtzOjIyOiJUaGUgZmllbGQgaXMgcmVxdWlyZWQuIjtzOjE2OiJpbnZhbGlkX3Rvb19sb25nIjtzOjIyOiJUaGUgZmllbGQgaXMgdG9vIGxvbmcuIjtzOjE3OiJpbnZhbGlkX3Rvb19zaG9ydCI7czoyMzoiVGhlIGZpZWxkIGlzIHRvbyBzaG9ydC4iO3M6MTI6ImludmFsaWRfZGF0ZSI7czoyOToiVGhlIGRhdGUgZm9ybWF0IGlzIGluY29ycmVjdC4iO3M6MTQ6ImRhdGVfdG9vX2Vhcmx5IjtzOjQ0OiJUaGUgZGF0ZSBpcyBiZWZvcmUgdGhlIGVhcmxpZXN0IG9uZSBhbGxvd2VkLiI7czoxMzoiZGF0ZV90b29fbGF0ZSI7czo0MToiVGhlIGRhdGUgaXMgYWZ0ZXIgdGhlIGxhdGVzdCBvbmUgYWxsb3dlZC4iO3M6MTM6InVwbG9hZF9mYWlsZWQiO3M6NDY6IlRoZXJlIHdhcyBhbiB1bmtub3duIGVycm9yIHVwbG9hZGluZyB0aGUgZmlsZS4iO3M6MjQ6InVwbG9hZF9maWxlX3R5cGVfaW52YWxpZCI7czo0OToiWW91IGFyZSBub3QgYWxsb3dlZCB0byB1cGxvYWQgZmlsZXMgb2YgdGhpcyB0eXBlLiI7czoyMToidXBsb2FkX2ZpbGVfdG9vX2xhcmdlIjtzOjIwOiJUaGUgZmlsZSBpcyB0b28gYmlnLiI7czoyMzoidXBsb2FkX2ZhaWxlZF9waHBfZXJyb3IiO3M6Mzg6IlRoZXJlIHdhcyBhbiBlcnJvciB1cGxvYWRpbmcgdGhlIGZpbGUuIjtzOjE0OiJpbnZhbGlkX251bWJlciI7czoyOToiVGhlIG51bWJlciBmb3JtYXQgaXMgaW52YWxpZC4iO3M6MTY6Im51bWJlcl90b29fc21hbGwiO3M6NDc6IlRoZSBudW1iZXIgaXMgc21hbGxlciB0aGFuIHRoZSBtaW5pbXVtIGFsbG93ZWQuIjtzOjE2OiJudW1iZXJfdG9vX2xhcmdlIjtzOjQ2OiJUaGUgbnVtYmVyIGlzIGxhcmdlciB0aGFuIHRoZSBtYXhpbXVtIGFsbG93ZWQuIjtzOjIzOiJxdWl6X2Fuc3dlcl9ub3RfY29ycmVjdCI7czozNjoiVGhlIGFuc3dlciB0byB0aGUgcXVpeiBpcyBpbmNvcnJlY3QuIjtzOjE3OiJjYXB0Y2hhX25vdF9tYXRjaCI7czozMToiWW91ciBlbnRlcmVkIGNvZGUgaXMgaW5jb3JyZWN0LiI7czoxMzoiaW52YWxpZF9lbWFpbCI7czozODoiVGhlIGUtbWFpbCBhZGRyZXNzIGVudGVyZWQgaXMgaW52YWxpZC4iO3M6MTE6ImludmFsaWRfdXJsIjtzOjE5OiJUaGUgVVJMIGlzIGludmFsaWQuIjtzOjExOiJpbnZhbGlkX3RlbCI7czozMjoiVGhlIHRlbGVwaG9uZSBudW1iZXIgaXMgaW52YWxpZC4iO30=
meta_id,post_id,meta_key,meta_value
NzU=,MzA=,X2FkZGl0aW9uYWxfc2V0dGluZ3M=,
meta_id,post_id,meta_key,meta_value
NzY=,MzA=,X2xvY2FsZQ==,ZW5fVVM=
meta_id,post_id,meta_key,meta_value
ODE=,MzE=,X2Zvcm0=,PGxhYmVsPiBZb3VyIE5hbWUgKHJlcXVpcmVkKQogICAgW3RleHQqIHlvdXItbmFtZV0gPC9sYWJlbD4KCjxsYWJlbD4gWW91ciBFbWFpbCAocmVxdWlyZWQpCiAgICBbZW1haWwqIHlvdXItZW1haWxdIDwvbGFiZWw+Cgo8bGFiZWw+IFN1YmplY3QKICAgIFt0ZXh0IHlvdXItc3ViamVjdF0gPC9sYWJlbD4KCjxsYWJlbD4gWW91ciBNZXNzYWdlCiAgICBbdGV4dGFyZWEgeW91ci1tZXNzYWdlXSA8L2xhYmVsPgoKW3N1Ym1pdCAiU2VuZCJd
meta_id,post_id,meta_key,meta_value
ODI=,MzE=,X21haWw=,YTo5OntzOjY6ImFjdGl2ZSI7YjoxO3M6Nzoic3ViamVjdCI7czo0NDoiTW9obGFsYSBBbHVtaW5pdW0gYW5kIEdsYXNzICJbeW91ci1zdWJqZWN0XSIiO3M6Njoic2VuZGVyIjtzOjMxOiJbeW91ci1uYW1lXSA8ZHVtaWljdEBnbWFpbC5jb20+IjtzOjk6InJlY2lwaWVudCI7czoxNzoiZHVtaWljdEBnbWFpbC5jb20iO3M6NDoiYm9keSI7czoxODI6IkZyb206IFt5b3VyLW5hbWVdIDxbeW91ci1lbWFpbF0+ClN1YmplY3Q6IFt5b3VyLXN1YmplY3RdCgpNZXNzYWdlIEJvZHk6Clt5b3VyLW1lc3NhZ2VdCgotLSAKVGhpcyBlLW1haWwgd2FzIHNlbnQgZnJvbSBhIGNvbnRhY3QgZm9ybSBvbiBNb2hsYWxhIEFsdW1pbml1bSBhbmQgR2xhc3MgKGh0dHA6Ly9sb2NhbGhvc3QpIjtzOjE4OiJhZGRpdGlvbmFsX2hlYWRlcnMiO3M6MjI6IlJlcGx5LVRvOiBbeW91ci1lbWFpbF0iO3M6MTE6ImF0dGFjaG1lbnRzIjtzOjA6IiI7czo4OiJ1c2VfaHRtbCI7YjowO3M6MTM6ImV4Y2x1ZGVfYmxhbmsiO2I6MDt9
meta_id,post_id,meta_key,meta_value
ODM=,MzE=,X21haWxfMg==,YTo5OntzOjY6ImFjdGl2ZSI7YjowO3M6Nzoic3ViamVjdCI7czo0NDoiTW9obGFsYSBBbHVtaW5pdW0gYW5kIEdsYXNzICJbeW91ci1zdWJqZWN0XSIiO3M6Njoic2VuZGVyIjtzOjQ3OiJNb2hsYWxhIEFsdW1pbml1bSBhbmQgR2xhc3MgPGR1bWlpY3RAZ21haWwuY29tPiI7czo5OiJyZWNpcGllbnQiO3M6MTI6Ilt5b3VyLWVtYWlsXSI7czo0OiJib2R5IjtzOjEyNDoiTWVzc2FnZSBCb2R5OgpbeW91ci1tZXNzYWdlXQoKLS0gClRoaXMgZS1tYWlsIHdhcyBzZW50IGZyb20gYSBjb250YWN0IGZvcm0gb24gTW9obGFsYSBBbHVtaW5pdW0gYW5kIEdsYXNzIChodHRwOi8vbG9jYWxob3N0KSI7czoxODoiYWRkaXRpb25hbF9oZWFkZXJzIjtzOjI3OiJSZXBseS1UbzogZHVtaWljdEBnbWFpbC5jb20iO3M6MTE6ImF0dGFjaG1lbnRzIjtzOjA6IiI7czo4OiJ1c2VfaHRtbCI7YjowO3M6MTM6ImV4Y2x1ZGVfYmxhbmsiO2I6MDt9
meta_id,post_id,meta_key,meta_value
ODQ=,MzE=,X21lc3NhZ2Vz,YToyMzp7czoxMjoibWFpbF9zZW50X29rIjtzOjQ1OiJUaGFuayB5b3UgZm9yIHlvdXIgbWVzc2FnZS4gSXQgaGFzIGJlZW4gc2VudC4iO3M6MTI6Im1haWxfc2VudF9uZyI7czo3MToiVGhlcmUgd2FzIGFuIGVycm9yIHRyeWluZyB0byBzZW5kIHlvdXIgbWVzc2FnZS4gUGxlYXNlIHRyeSBhZ2FpbiBsYXRlci4iO3M6MTY6InZhbGlkYXRpb25fZXJyb3IiO3M6NjE6Ik9uZSBvciBtb3JlIGZpZWxkcyBoYXZlIGFuIGVycm9yLiBQbGVhc2UgY2hlY2sgYW5kIHRyeSBhZ2Fpbi4iO3M6NDoic3BhbSI7czo3MToiVGhlcmUgd2FzIGFuIGVycm9yIHRyeWluZyB0byBzZW5kIHlvdXIgbWVzc2FnZS4gUGxlYXNlIHRyeSBhZ2FpbiBsYXRlci4iO3M6MTI6ImFjY2VwdF90ZXJtcyI7czo2OToiWW91IG11c3QgYWNjZXB0IHRoZSB0ZXJtcyBhbmQgY29uZGl0aW9ucyBiZWZvcmUgc2VuZGluZyB5b3VyIG1lc3NhZ2UuIjtzOjE2OiJpbnZhbGlkX3JlcXVpcmVkIjtzOjIyOiJUaGUgZmllbGQgaXMgcmVxdWlyZWQuIjtzOjE2OiJpbnZhbGlkX3Rvb19sb25nIjtzOjIyOiJUaGUgZmllbGQgaXMgdG9vIGxvbmcuIjtzOjE3OiJpbnZhbGlkX3Rvb19zaG9ydCI7czoyMzoiVGhlIGZpZWxkIGlzIHRvbyBzaG9ydC4iO3M6MTI6ImludmFsaWRfZGF0ZSI7czoyOToiVGhlIGRhdGUgZm9ybWF0IGlzIGluY29ycmVjdC4iO3M6MTQ6ImRhdGVfdG9vX2Vhcmx5IjtzOjQ0OiJUaGUgZGF0ZSBpcyBiZWZvcmUgdGhlIGVhcmxpZXN0IG9uZSBhbGxvd2VkLiI7czoxMzoiZGF0ZV90b29fbGF0ZSI7czo0MToiVGhlIGRhdGUgaXMgYWZ0ZXIgdGhlIGxhdGVzdCBvbmUgYWxsb3dlZC4iO3M6MTM6InVwbG9hZF9mYWlsZWQiO3M6NDY6IlRoZXJlIHdhcyBhbiB1bmtub3duIGVycm9yIHVwbG9hZGluZyB0aGUgZmlsZS4iO3M6MjQ6InVwbG9hZF9maWxlX3R5cGVfaW52YWxpZCI7czo0OToiWW91IGFyZSBub3QgYWxsb3dlZCB0byB1cGxvYWQgZmlsZXMgb2YgdGhpcyB0eXBlLiI7czoyMToidXBsb2FkX2ZpbGVfdG9vX2xhcmdlIjtzOjIwOiJUaGUgZmlsZSBpcyB0b28gYmlnLiI7czoyMzoidXBsb2FkX2ZhaWxlZF9waHBfZXJyb3IiO3M6Mzg6IlRoZXJlIHdhcyBhbiBlcnJvciB1cGxvYWRpbmcgdGhlIGZpbGUuIjtzOjE0OiJpbnZhbGlkX251bWJlciI7czoyOToiVGhlIG51bWJlciBmb3JtYXQgaXMgaW52YWxpZC4iO3M6MTY6Im51bWJlcl90b29fc21hbGwiO3M6NDc6IlRoZSBudW1iZXIgaXMgc21hbGxlciB0aGFuIHRoZSBtaW5pbXVtIGFsbG93ZWQuIjtzOjE2OiJudW1iZXJfdG9vX2xhcmdlIjtzOjQ2OiJUaGUgbnVtYmVyIGlzIGxhcmdlciB0aGFuIHRoZSBtYXhpbXVtIGFsbG93ZWQuIjtzOjIzOiJxdWl6X2Fuc3dlcl9ub3RfY29ycmVjdCI7czozNjoiVGhlIGFuc3dlciB0byB0aGUgcXVpeiBpcyBpbmNvcnJlY3QuIjtzOjE3OiJjYXB0Y2hhX25vdF9tYXRjaCI7czozMToiWW91ciBlbnRlcmVkIGNvZGUgaXMgaW5jb3JyZWN0LiI7czoxMzoiaW52YWxpZF9lbWFpbCI7czozODoiVGhlIGUtbWFpbCBhZGRyZXNzIGVudGVyZWQgaXMgaW52YWxpZC4iO3M6MTE6ImludmFsaWRfdXJsIjtzOjE5OiJUaGUgVVJMIGlzIGludmFsaWQuIjtzOjExOiJpbnZhbGlkX3RlbCI7czozMjoiVGhlIHRlbGVwaG9uZSBudW1iZXIgaXMgaW52YWxpZC4iO30=
meta_id,post_id,meta_key,meta_value
ODU=,MzE=,X2FkZGl0aW9uYWxfc2V0dGluZ3M=,
meta_id,post_id,meta_key,meta_value
ODY=,MzE=,X2xvY2FsZQ==,ZW5fVVM=
meta_id,post_id,meta_key,meta_value
ODc=,MzI=,X2Zvcm0=,PGxhYmVsPiBZb3VyIE5hbWUgKHJlcXVpcmVkKQogICAgW3RleHQqIHlvdXItbmFtZV0gPC9sYWJlbD4KCjxsYWJlbD4gWW91ciBFbWFpbCAocmVxdWlyZWQpCiAgICBbZW1haWwqIHlvdXItZW1haWxdIDwvbGFiZWw+Cgo8bGFiZWw+IFN1YmplY3QKICAgIFt0ZXh0IHlvdXItc3ViamVjdF0gPC9sYWJlbD4KCjxsYWJlbD4gWW91ciBNZXNzYWdlCiAgICBbdGV4dGFyZWEgeW91ci1tZXNzYWdlXSA8L2xhYmVsPgoKW3N1Ym1pdCAiU2VuZCJd
meta_id,post_id,meta_key,meta_value
ODg=,MzI=,X21haWw=,YTo5OntzOjY6ImFjdGl2ZSI7YjoxO3M6Nzoic3ViamVjdCI7czozMzoiTW9obGFsYSBBbHVtaW5pdW0gYW5kIEdsYXNzIFF1b3RlIjtzOjY6InNlbmRlciI7czozMjoiaW5mb0Btb2hsYWxhYWx1bWluaXVtZ2xhc3MuY28uemEiO3M6OToicmVjaXBpZW50IjtzOjMyOiJpbmZvQG1vaGxhbGFhbHVtaW5pdW1nbGFzcy5jby56YSI7czo0OiJib2R5IjtzOjE4MjoiRnJvbTogW3lvdXItbmFtZV0gPFt5b3VyLWVtYWlsXT4KU3ViamVjdDogW3lvdXItc3ViamVjdF0KCk1lc3NhZ2UgQm9keToKW3lvdXItbWVzc2FnZV0KCi0tIApUaGlzIGUtbWFpbCB3YXMgc2VudCBmcm9tIGEgY29udGFjdCBmb3JtIG9uIE1vaGxhbGEgQWx1bWluaXVtIGFuZCBHbGFzcyAoaHR0cDovL2xvY2FsaG9zdCkiO3M6MTg6ImFkZGl0aW9uYWxfaGVhZGVycyI7czoyMjoiUmVwbHktVG86IFt5b3VyLWVtYWlsXSI7czoxMToiYXR0YWNobWVudHMiO3M6MDoiIjtzOjg6InVzZV9odG1sIjtiOjA7czoxMzoiZXhjbHVkZV9ibGFuayI7YjowO30=
meta_id,post_id,meta_key,meta_value
ODk=,MzI=,X21haWxfMg==,YTo5OntzOjY6ImFjdGl2ZSI7YjowO3M6Nzoic3ViamVjdCI7czo0NDoiTW9obGFsYSBBbHVtaW5pdW0gYW5kIEdsYXNzICJbeW91ci1zdWJqZWN0XSIiO3M6Njoic2VuZGVyIjtzOjQ3OiJNb2hsYWxhIEFsdW1pbml1bSBhbmQgR2xhc3MgPGR1bWlpY3RAZ21haWwuY29tPiI7czo5OiJyZWNpcGllbnQiO3M6MTI6Ilt5b3VyLWVtYWlsXSI7czo0OiJib2R5IjtzOjEyNDoiTWVzc2FnZSBCb2R5OgpbeW91ci1tZXNzYWdlXQoKLS0gClRoaXMgZS1tYWlsIHdhcyBzZW50IGZyb20gYSBjb250YWN0IGZvcm0gb24gTW9obGFsYSBBbHVtaW5pdW0gYW5kIEdsYXNzIChodHRwOi8vbG9jYWxob3N0KSI7czoxODoiYWRkaXRpb25hbF9oZWFkZXJzIjtzOjI3OiJSZXBseS1UbzogZHVtaWljdEBnbWFpbC5jb20iO3M6MTE6ImF0dGFjaG1lbnRzIjtzOjA6IiI7czo4OiJ1c2VfaHRtbCI7YjowO3M6MTM6ImV4Y2x1ZGVfYmxhbmsiO2I6MDt9
meta_id,post_id,meta_key,meta_value
OTA=,MzI=,X21lc3NhZ2Vz,YToyMzp7czoxMjoibWFpbF9zZW50X29rIjtzOjQ1OiJUaGFuayB5b3UgZm9yIHlvdXIgbWVzc2FnZS4gSXQgaGFzIGJlZW4gc2VudC4iO3M6MTI6Im1haWxfc2VudF9uZyI7czo3MToiVGhlcmUgd2FzIGFuIGVycm9yIHRyeWluZyB0byBzZW5kIHlvdXIgbWVzc2FnZS4gUGxlYXNlIHRyeSBhZ2FpbiBsYXRlci4iO3M6MTY6InZhbGlkYXRpb25fZXJyb3IiO3M6NjE6Ik9uZSBvciBtb3JlIGZpZWxkcyBoYXZlIGFuIGVycm9yLiBQbGVhc2UgY2hlY2sgYW5kIHRyeSBhZ2Fpbi4iO3M6NDoic3BhbSI7czo3MToiVGhlcmUgd2FzIGFuIGVycm9yIHRyeWluZyB0byBzZW5kIHlvdXIgbWVzc2FnZS4gUGxlYXNlIHRyeSBhZ2FpbiBsYXRlci4iO3M6MTI6ImFjY2VwdF90ZXJtcyI7czo2OToiWW91IG11c3QgYWNjZXB0IHRoZSB0ZXJtcyBhbmQgY29uZGl0aW9ucyBiZWZvcmUgc2VuZGluZyB5b3VyIG1lc3NhZ2UuIjtzOjE2OiJpbnZhbGlkX3JlcXVpcmVkIjtzOjIyOiJUaGUgZmllbGQgaXMgcmVxdWlyZWQuIjtzOjE2OiJpbnZhbGlkX3Rvb19sb25nIjtzOjIyOiJUaGUgZmllbGQgaXMgdG9vIGxvbmcuIjtzOjE3OiJpbnZhbGlkX3Rvb19zaG9ydCI7czoyMzoiVGhlIGZpZWxkIGlzIHRvbyBzaG9ydC4iO3M6MTI6ImludmFsaWRfZGF0ZSI7czoyOToiVGhlIGRhdGUgZm9ybWF0IGlzIGluY29ycmVjdC4iO3M6MTQ6ImRhdGVfdG9vX2Vhcmx5IjtzOjQ0OiJUaGUgZGF0ZSBpcyBiZWZvcmUgdGhlIGVhcmxpZXN0IG9uZSBhbGxvd2VkLiI7czoxMzoiZGF0ZV90b29fbGF0ZSI7czo0MToiVGhlIGRhdGUgaXMgYWZ0ZXIgdGhlIGxhdGVzdCBvbmUgYWxsb3dlZC4iO3M6MTM6InVwbG9hZF9mYWlsZWQiO3M6NDY6IlRoZXJlIHdhcyBhbiB1bmtub3duIGVycm9yIHVwbG9hZGluZyB0aGUgZmlsZS4iO3M6MjQ6InVwbG9hZF9maWxlX3R5cGVfaW52YWxpZCI7czo0OToiWW91IGFyZSBub3QgYWxsb3dlZCB0byB1cGxvYWQgZmlsZXMgb2YgdGhpcyB0eXBlLiI7czoyMToidXBsb2FkX2ZpbGVfdG9vX2xhcmdlIjtzOjIwOiJUaGUgZmlsZSBpcyB0b28gYmlnLiI7czoyMzoidXBsb2FkX2ZhaWxlZF9waHBfZXJyb3IiO3M6Mzg6IlRoZXJlIHdhcyBhbiBlcnJvciB1cGxvYWRpbmcgdGhlIGZpbGUuIjtzOjE0OiJpbnZhbGlkX251bWJlciI7czoyOToiVGhlIG51bWJlciBmb3JtYXQgaXMgaW52YWxpZC4iO3M6MTY6Im51bWJlcl90b29fc21hbGwiO3M6NDc6IlRoZSBudW1iZXIgaXMgc21hbGxlciB0aGFuIHRoZSBtaW5pbXVtIGFsbG93ZWQuIjtzOjE2OiJudW1iZXJfdG9vX2xhcmdlIjtzOjQ2OiJUaGUgbnVtYmVyIGlzIGxhcmdlciB0aGFuIHRoZSBtYXhpbXVtIGFsbG93ZWQuIjtzOjIzOiJxdWl6X2Fuc3dlcl9ub3RfY29ycmVjdCI7czozNjoiVGhlIGFuc3dlciB0byB0aGUgcXVpeiBpcyBpbmNvcnJlY3QuIjtzOjE3OiJjYXB0Y2hhX25vdF9tYXRjaCI7czozMToiWW91ciBlbnRlcmVkIGNvZGUgaXMgaW5jb3JyZWN0LiI7czoxMzoiaW52YWxpZF9lbWFpbCI7czozODoiVGhlIGUtbWFpbCBhZGRyZXNzIGVudGVyZWQgaXMgaW52YWxpZC4iO3M6MTE6ImludmFsaWRfdXJsIjtzOjE5OiJUaGUgVVJMIGlzIGludmFsaWQuIjtzOjExOiJpbnZhbGlkX3RlbCI7czozMjoiVGhlIHRlbGVwaG9uZSBudW1iZXIgaXMgaW52YWxpZC4iO30=
meta_id,post_id,meta_key,meta_value
OTE=,MzI=,X2FkZGl0aW9uYWxfc2V0dGluZ3M=,
meta_id,post_id,meta_key,meta_value
OTI=,MzI=,X2xvY2FsZQ==,ZW5fVVM=
meta_id,post_id,meta_key,meta_value
OTM=,MzM=,X2VkaXRfbG9jaw==,MTUxNzgzNzQ1MTox
meta_id,post_id,meta_key,meta_value
OTQ=,MzM=,X2N1c3RvbWl6ZV9yZXN0b3JlX2Rpc21pc3NlZA==,MQ==
meta_id,post_id,meta_key,meta_value
OTU=,MzQ=,X3dwX3RyYXNoX21ldGFfc3RhdHVz,cHVibGlzaA==
meta_id,post_id,meta_key,meta_value
OTY=,MzQ=,X3dwX3RyYXNoX21ldGFfdGltZQ==,MTUxNzgzNzU5NA==
meta_id,post_id,meta_key,meta_value
OTc=,MzY=,X3dwX3RyYXNoX21ldGFfc3RhdHVz,cHVibGlzaA==
meta_id,post_id,meta_key,meta_value
OTg=,MzY=,X3dwX3RyYXNoX21ldGFfdGltZQ==,MTUxNzgzNzkwMQ==
meta_id,post_id,meta_key,meta_value
OTk=,Mzc=,X2VkaXRfbG9jaw==,MTUxNzgzNzk3MTox
meta_id,post_id,meta_key,meta_value
MTAw,Mzc=,X3dwX3RyYXNoX21ldGFfc3RhdHVz,cHVibGlzaA==
meta_id,post_id,meta_key,meta_value
MTAx,Mzc=,X3dwX3RyYXNoX21ldGFfdGltZQ==,MTUxNzgzNzk2OA==
meta_id,post_id,meta_key,meta_value
MTAy,Mzg=,X3dwX3RyYXNoX21ldGFfc3RhdHVz,cHVibGlzaA==
meta_id,post_id,meta_key,meta_value
MTAz,Mzg=,X3dwX3RyYXNoX21ldGFfdGltZQ==,MTUxNzgzNzk4OA==
meta_id,post_id,meta_key,meta_value
MTA0,Mzk=,X3dwX3RyYXNoX21ldGFfc3RhdHVz,cHVibGlzaA==
meta_id,post_id,meta_key,meta_value
MTA1,Mzk=,X3dwX3RyYXNoX21ldGFfdGltZQ==,MTUxNzgzODAzMg==
meta_id,post_id,meta_key,meta_value
MTA2,NDA=,X2VkaXRfbG9jaw==,MTUxNzgzODIzMTox
meta_id,post_id,meta_key,meta_value
MTA3,NDA=,X3dwX3RyYXNoX21ldGFfc3RhdHVz,cHVibGlzaA==
meta_id,post_id,meta_key,meta_value
MTA4,NDA=,X3dwX3RyYXNoX21ldGFfdGltZQ==,MTUxNzgzODIzMg==
meta_id,post_id,meta_key,meta_value
MTA5,NDE=,X3dwX2F0dGFjaGVkX2ZpbGU=,MjAxOC8wMi9pbWdfYmdfNC5qcGc=
meta_id,post_id,meta_key,meta_value
MTEw,NDE=,X3dwX2F0dGFjaG1lbnRfbWV0YWRhdGE=,YTo1OntzOjU6IndpZHRoIjtpOjgzOTtzOjY6ImhlaWdodCI7aTo2ODc7czo0OiJmaWxlIjtzOjIwOiIyMDE4LzAyL2ltZ19iZ180LmpwZyI7czo1OiJzaXplcyI7YToxMTp7czo5OiJ0aHVtYm5haWwiO2E6NDp7czo0OiJmaWxlIjtzOjIwOiJpbWdfYmdfNC0xNTB4MTUwLmpwZyI7czo1OiJ3aWR0aCI7aToxNTA7czo2OiJoZWlnaHQiO2k6MTUwO3M6OToibWltZS10eXBlIjtzOjEwOiJpbWFnZS9qcGVnIjt9czo2OiJtZWRpdW0iO2E6NDp7czo0OiJmaWxlIjtzOjIwOiJpbWdfYmdfNC0zMDB4MjQ2LmpwZyI7czo1OiJ3aWR0aCI7aTozMDA7czo2OiJoZWlnaHQiO2k6MjQ2O3M6OToibWltZS10eXBlIjtzOjEwOiJpbWFnZS9qcGVnIjt9czoxMjoibWVkaXVtX2xhcmdlIjthOjQ6e3M6NDoiZmlsZSI7czoyMDoiaW1nX2JnXzQtNzY4eDYyOS5qcGciO3M6NToid2lkdGgiO2k6NzY4O3M6NjoiaGVpZ2h0IjtpOjYyOTtzOjk6Im1pbWUtdHlwZSI7czoxMDoiaW1hZ2UvanBlZyI7fXM6MTU6ImlsbGR5LWJsb2ctbGlzdCI7YTo0OntzOjQ6ImZpbGUiO3M6MjA6ImltZ19iZ180LTc1MHg1MDAuanBnIjtzOjU6IndpZHRoIjtpOjc1MDtzOjY6ImhlaWdodCI7aTo1MDA7czo5OiJtaW1lLXR5cGUiO3M6MTA6ImltYWdlL2pwZWciO31zOjI1OiJpbGxkeS13aWRnZXQtcmVjZW50LXBvc3RzIjthOjQ6e3M6NDoiZmlsZSI7czoxODoiaW1nX2JnXzQtNzB4NzAuanBnIjtzOjU6IndpZHRoIjtpOjcwO3M6NjoiaGVpZ2h0IjtpOjcwO3M6OToibWltZS10eXBlIjtzOjEwOiJpbWFnZS9qcGVnIjt9czozMjoiaWxsZHktYmxvZy1wb3N0LXJlbGF0ZWQtYXJ0aWNsZXMiO2E6NDp7czo0OiJmaWxlIjtzOjIwOiJpbWdfYmdfNC0yNDB4MjA2LmpwZyI7czo1OiJ3aWR0aCI7aToyNDA7czo2OiJoZWlnaHQiO2k6MjA2O3M6OToibWltZS10eXBlIjtzOjEwOiJpbWFnZS9qcGVnIjt9czoyODoiaWxsZHktZnJvbnQtcGFnZS1sYXRlc3QtbmV3cyI7YTo0OntzOjQ6ImZpbGUiO3M6MjA6ImltZ19iZ180LTI1MHgyMTMuanBnIjtzOjU6IndpZHRoIjtpOjI1MDtzOjY6ImhlaWdodCI7aToyMTM7czo5OiJtaW1lLXR5cGUiO3M6MTA6ImltYWdlL2pwZWciO31zOjI5OiJpbGxkeS1mcm9udC1wYWdlLXRlc3RpbW9uaWFscyI7YTo0OntzOjQ6ImZpbGUiO3M6MjA6ImltZ19iZ180LTEyN3gxMjcuanBnIjtzOjU6IndpZHRoIjtpOjEyNztzOjY6ImhlaWdodCI7aToxMjc7czo5OiJtaW1lLXR5cGUiO3M6MTA6ImltYWdlL2pwZWciO31zOjI1OiJpbGxkeS1mcm9udC1wYWdlLXByb2plY3RzIjthOjQ6e3M6NDoiZmlsZSI7czoyMDoiaW1nX2JnXzQtNDc2eDQ3Ni5qcGciO3M6NToid2lkdGgiO2k6NDc2O3M6NjoiaGVpZ2h0IjtpOjQ3NjtzOjk6Im1pbWUtdHlwZSI7czoxMDoiaW1hZ2UvanBlZyI7fXM6MjM6ImlsbGR5LWZyb250LXBhZ2UtcGVyc29uIjthOjQ6e3M6NDoiZmlsZSI7czoyMDoiaW1nX2JnXzQtMTI1eDEyNS5qcGciO3M6NToid2lkdGgiO2k6MTI1O3M6NjoiaGVpZ2h0IjtpOjEyNTtzOjk6Im1pbWUtdHlwZSI7czoxMDoiaW1hZ2UvanBlZyI7fXM6MjA6InNvdy1jYXJvdXNlbC1kZWZhdWx0IjthOjQ6e3M6NDoiZmlsZSI7czoyMDoiaW1nX2JnXzQtMjcyeDE4Mi5qcGciO3M6NToid2lkdGgiO2k6MjcyO3M6NjoiaGVpZ2h0IjtpOjE4MjtzOjk6Im1pbWUtdHlwZSI7czoxMDoiaW1hZ2UvanBlZyI7fX1zOjEwOiJpbWFnZV9tZXRhIjthOjEyOntzOjg6ImFwZXJ0dXJlIjtzOjE6IjAiO3M6NjoiY3JlZGl0IjtzOjA6IiI7czo2OiJjYW1lcmEiO3M6MDoiIjtzOjc6ImNhcHRpb24iO3M6MDoiIjtzOjE3OiJjcmVhdGVkX3RpbWVzdGFtcCI7czoxOiIwIjtzOjk6ImNvcHlyaWdodCI7czowOiIiO3M6MTI6ImZvY2FsX2xlbmd0aCI7czoxOiIwIjtzOjM6ImlzbyI7czoxOiIwIjtzOjEzOiJzaHV0dGVyX3NwZWVkIjtzOjE6IjAiO3M6NToidGl0bGUiO3M6MDoiIjtzOjExOiJvcmllbnRhdGlvbiI7czoxOiIwIjtzOjg6ImtleXdvcmRzIjthOjA6e319fQ==
meta_id,post_id,meta_key,meta_value
MTEx,NDI=,X3dwX3RyYXNoX21ldGFfc3RhdHVz,cHVibGlzaA==
meta_id,post_id,meta_key,meta_value
MTEy,NDI=,X3dwX3RyYXNoX21ldGFfdGltZQ==,MTUxNzgzOTEyMg==
meta_id,post_id,meta_key,meta_value
MTEz,NDM=,X3dwX3RyYXNoX21ldGFfc3RhdHVz,cHVibGlzaA==
meta_id,post_id,meta_key,meta_value
MTE0,NDM=,X3dwX3RyYXNoX21ldGFfdGltZQ==,MTUxNzgzOTIzMw==
meta_id,post_id,meta_key,meta_value
MTE1,NDQ=,X3dwX3RyYXNoX21ldGFfc3RhdHVz,cHVibGlzaA==
meta_id,post_id,meta_key,meta_value
MTE2,NDQ=,X3dwX3RyYXNoX21ldGFfdGltZQ==,MTUxNzgzOTQwMQ==
meta_id,post_id,meta_key,meta_value
MTE3,NDU=,X3dwX3RyYXNoX21ldGFfc3RhdHVz,cHVibGlzaA==
meta_id,post_id,meta_key,meta_value
MTE4,NDU=,X3dwX3RyYXNoX21ldGFfdGltZQ==,MTUxNzgzOTQ1Mg==
meta_id,post_id,meta_key,meta_value
MTE5,NDY=,X2VkaXRfbG9jaw==,MTUxNzgzOTc0MDox
meta_id,post_id,meta_key,meta_value
MTIw,NDY=,X3dwX3RyYXNoX21ldGFfc3RhdHVz,cHVibGlzaA==
meta_id,post_id,meta_key,meta_value
MTIx,NDY=,X3dwX3RyYXNoX21ldGFfdGltZQ==,MTUxNzgzOTc0MQ==
meta_id,post_id,meta_key,meta_value
MTIy,NDc=,X2VkaXRfbG9jaw==,MTUxNzgzOTgwODox
meta_id,post_id,meta_key,meta_value
MTIz,NDc=,X3dwX3RyYXNoX21ldGFfc3RhdHVz,cHVibGlzaA==
meta_id,post_id,meta_key,meta_value
MTI0,NDc=,X3dwX3RyYXNoX21ldGFfdGltZQ==,MTUxNzgzOTgxMA==
meta_id,post_id,meta_key,meta_value
MTI1,NDg=,X3dwX3RyYXNoX21ldGFfc3RhdHVz,cHVibGlzaA==
meta_id,post_id,meta_key,meta_value
MTI2,NDg=,X3dwX3RyYXNoX21ldGFfdGltZQ==,MTUxNzgzOTkzNg==
meta_id,post_id,meta_key,meta_value
MTI3,NDk=,X2VkaXRfbG9jaw==,MTUxNzg0MDAxMTox
meta_id,post_id,meta_key,meta_value
MTI4,NDk=,X3dwX3RyYXNoX21ldGFfc3RhdHVz,cHVibGlzaA==
meta_id,post_id,meta_key,meta_value
MTI5,NDk=,X3dwX3RyYXNoX21ldGFfdGltZQ==,MTUxNzg0MDAxMg==
meta_id,post_id,meta_key,meta_value
MTMw,NTA=,X3dwX3RyYXNoX21ldGFfc3RhdHVz,cHVibGlzaA==
meta_id,post_id,meta_key,meta_value
MTMx,NTA=,X3dwX3RyYXNoX21ldGFfdGltZQ==,MTUxNzkwNTM3OA==
meta_id,post_id,meta_key,meta_value
MTMy,NTE=,X3dwX3RyYXNoX21ldGFfc3RhdHVz,cHVibGlzaA==
meta_id,post_id,meta_key,meta_value
MTMz,NTE=,X3dwX3RyYXNoX21ldGFfdGltZQ==,MTUxNzkwNTM5OQ==
meta_id,post_id,meta_key,meta_value
MTM0,NTI=,X3dwX3RyYXNoX21ldGFfc3RhdHVz,cHVibGlzaA==
meta_id,post_id,meta_key,meta_value
MTM1,NTI=,X3dwX3RyYXNoX21ldGFfdGltZQ==,MTUxNzkwNTQxMw==
meta_id,post_id,meta_key,meta_value
MTM2,NTM=,X2VkaXRfbG9jaw==,MTUxNzkwNTQzMzox
meta_id,post_id,meta_key,meta_value
MTM3,NTM=,X3dwX3RyYXNoX21ldGFfc3RhdHVz,cHVibGlzaA==
meta_id,post_id,meta_key,meta_value
MTM4,NTM=,X3dwX3RyYXNoX21ldGFfdGltZQ==,MTUxNzkwNTQ1NQ==
