ID,post_author,post_date,post_date_gmt,post_content,post_title,post_excerpt,post_status,comment_status,ping_status,post_password,post_name,to_ping,pinged,post_modified,post_modified_gmt,post_content_filtered,post_parent,guid,menu_order,post_type,post_mime_type,comment_count
MQ==,MQ==,MjAxOC0wMi0wNSAwODo0MDo0OA==,MjAxOC0wMi0wNSAwODo0MDo0OA==,V2VsY29tZSB0byBXb3JkUHJlc3MuIFRoaXMgaXMgeW91ciBmaXJzdCBwb3N0LiBFZGl0IG9yIGRlbGV0ZSBpdCwgdGhlbiBzdGFydCB3cml0aW5nIQ==,SGVsbG8gd29ybGQh,,cHVibGlzaA==,b3Blbg==,b3Blbg==,,aGVsbG8td29ybGQ=,,,MjAxOC0wMi0wNSAwODo0MDo0OA==,MjAxOC0wMi0wNSAwODo0MDo0OA==,,MA==,aHR0cDovL2xvY2FsaG9zdC8/cD0x,MA==,cG9zdA==,,MQ==
ID,post_author,post_date,post_date_gmt,post_content,post_title,post_excerpt,post_status,comment_status,ping_status,post_password,post_name,to_ping,pinged,post_modified,post_modified_gmt,post_content_filtered,post_parent,guid,menu_order,post_type,post_mime_type,comment_count
Mg==,MQ==,MjAxOC0wMi0wNSAwODo0MDo0OA==,MjAxOC0wMi0wNSAwODo0MDo0OA==,PGgzIHN0eWxlPSJ0ZXh0LWFsaWduOiBjZW50ZXI7Ij5XZSBXZWxjb21lIFlvdTwvaDM+DQo8cCBjbGFzcz0ic3ViIj5XZWxjb21lIHRvIG91ciBvZmZpY2lhbCB3ZWJzaXRlLiBNb2hsYWxhIGFsdW1pbnVtIGFuZCBnbGFzcyBpcyBhIHNtYWxsLW1lZGl1bSBlbnRlcnByaXNlIHRoYXQgc3BlY2lhbGl6ZXMgaW4gQWx1bWluaXVtIGFuZCBnbGFzcyBwcm9kdWN0cy4gV2UgYnVpbGQgY3VzdG9tIGRlc2lnbnMgZm9yIG91ciBjbGllbnRzIHdobyBhcmUgaG9tZW93bmVycyB3aG8gd2FudCB0byByZW5vdmF0ZSBvciBidWlsZCBpbnRvIHRoZWlyIGhvbWVzIHRoZSBtb3N0IGZhc2hpb25hYmxlIGRlc2lnbnMgb2YgYWx1bWludW0gZG9vcnMsIHdpbmRvd3MsIGZvbGRhYmxlIGdhcmFnZSBkb29ycywgYW5kIGdhdGVzLiBXZSBhcmUgbm90IG9ubHkgbGltaXRlZCB0byBwcm92aWRpbmcgcHJvZmVzc2lvbmFsIHNlcnZpY2VzIHRvIGhvbWVvd25lcnMsIHdlIGFsc28gd29yayB3aXRoIGNvbXBhbmllcyB0aGF0IHJlcXVpcmUgb2ZmaWNlIHNwYWNlIHN1cHBvcnQsIGZyb20gYWx1bWludW0gYW5kIGdsYXNzIHJhaWxpbmdzLCBvcGVuIG9mZmljZSBzcGFjZSBwYXJ0aXRpb25pbmcsIGFuZCBhbHNvIGNvbmZlcmVuY2Ugcm9vbSBwYXJ0aXRpb25pbmcuIFdlIGFyZSBoYXBweSB5b3UgdGhvdWdodCBvZiB1cyBhbmQgdGhhbmsgeW91IGZvciB0YWtpbmcgdGhlIHRpbWUgdG8gdmlzaXQgdXMuPC9wPg==,SG9tZQ==,,cHVibGlzaA==,Y2xvc2Vk,Y2xvc2Vk,,aG9tZQ==,,,MjAxOC0wMi0wNiAwODoyMDo0Ng==,MjAxOC0wMi0wNiAwODoyMDo0Ng==,,MA==,aHR0cDovL2xvY2FsaG9zdC8/cGFnZV9pZD0y,MA==,cGFnZQ==,,MA==
ID,post_author,post_date,post_date_gmt,post_content,post_title,post_excerpt,post_status,comment_status,ping_status,post_password,post_name,to_ping,pinged,post_modified,post_modified_gmt,post_content_filtered,post_parent,guid,menu_order,post_type,post_mime_type,comment_count
Mw==,MA==,MjAxOC0wMi0wNiAwODoyNDoxNQ==,MDAwMC0wMC0wMCAwMDowMDowMA==,,SWxsZHkgQmFja3VwIFNldHRpbmdz,,ZHJhZnQ=,Y2xvc2Vk,Y2xvc2Vk,,,,,MjAxOC0wMi0wNiAwODoyNDoxNQ==,MjAxOC0wMi0wNiAwODoyNDoxNQ==,,MA==,aHR0cDovL2xvY2FsaG9zdC8/cGFnZV9pZD0z,MA==,cGFnZQ==,,MA==
ID,post_author,post_date,post_date_gmt,post_content,post_title,post_excerpt,post_status,comment_status,ping_status,post_password,post_name,to_ping,pinged,post_modified,post_modified_gmt,post_content_filtered,post_parent,guid,menu_order,post_type,post_mime_type,comment_count
NA==,MQ==,MjAxOC0wMi0wNSAwOToxOTo1Nw==,MDAwMC0wMC0wMCAwMDowMDowMA==,,QXV0byBEcmFmdA==,,YXV0by1kcmFmdA==,b3Blbg==,b3Blbg==,,,,,MjAxOC0wMi0wNSAwOToxOTo1Nw==,MDAwMC0wMC0wMCAwMDowMDowMA==,,MA==,aHR0cDovL2xvY2FsaG9zdC8/cD00,MA==,cG9zdA==,,MA==
ID,post_author,post_date,post_date_gmt,post_content,post_title,post_excerpt,post_status,comment_status,ping_status,post_password,post_name,to_ping,pinged,post_modified,post_modified_gmt,post_content_filtered,post_parent,guid,menu_order,post_type,post_mime_type,comment_count
NQ==,MQ==,MjAxOC0wMi0wNSAwOToyMTowMQ==,MjAxOC0wMi0wNSAwOToyMTowMQ==,VGhpcyBpcyBhbiBleGFtcGxlIHBhZ2UuIEl0J3MgZGlmZmVyZW50IGZyb20gYSBibG9nIHBvc3QgYmVjYXVzZSBpdCB3aWxsIHN0YXkgaW4gb25lIHBsYWNlIGFuZCB3aWxsIHNob3cgdXAgaW4geW91ciBzaXRlIG5hdmlnYXRpb24gKGluIG1vc3QgdGhlbWVzKS4gTW9zdCBwZW9wbGUgc3RhcnQgd2l0aCBhbiBBYm91dCBwYWdlIHRoYXQgaW50cm9kdWNlcyB0aGVtIHRvIHBvdGVudGlhbCBzaXRlIHZpc2l0b3JzLiBJdCBtaWdodCBzYXkgc29tZXRoaW5nIGxpa2UgdGhpczoKCjxibG9ja3F1b3RlPkhpIHRoZXJlISBJJ20gYSBiaWtlIG1lc3NlbmdlciBieSBkYXksIGFzcGlyaW5nIGFjdG9yIGJ5IG5pZ2h0LCBhbmQgdGhpcyBpcyBteSB3ZWJzaXRlLiBJIGxpdmUgaW4gTG9zIEFuZ2VsZXMsIGhhdmUgYSBncmVhdCBkb2cgbmFtZWQgSmFjaywgYW5kIEkgbGlrZSBwaSYjMjQxO2EgY29sYWRhcy4gKEFuZCBnZXR0aW4nIGNhdWdodCBpbiB0aGUgcmFpbi4pPC9ibG9ja3F1b3RlPgoKLi4ub3Igc29tZXRoaW5nIGxpa2UgdGhpczoKCjxibG9ja3F1b3RlPlRoZSBYWVogRG9vaGlja2V5IENvbXBhbnkgd2FzIGZvdW5kZWQgaW4gMTk3MSwgYW5kIGhhcyBiZWVuIHByb3ZpZGluZyBxdWFsaXR5IGRvb2hpY2tleXMgdG8gdGhlIHB1YmxpYyBldmVyIHNpbmNlLiBMb2NhdGVkIGluIEdvdGhhbSBDaXR5LCBYWVogZW1wbG95cyBvdmVyIDIsMDAwIHBlb3BsZSBhbmQgZG9lcyBhbGwga2luZHMgb2YgYXdlc29tZSB0aGluZ3MgZm9yIHRoZSBHb3RoYW0gY29tbXVuaXR5LjwvYmxvY2txdW90ZT4KCkFzIGEgbmV3IFdvcmRQcmVzcyB1c2VyLCB5b3Ugc2hvdWxkIGdvIHRvIDxhIGhyZWY9Imh0dHA6Ly9sb2NhbGhvc3Qvd3AtYWRtaW4vIj55b3VyIGRhc2hib2FyZDwvYT4gdG8gZGVsZXRlIHRoaXMgcGFnZSBhbmQgY3JlYXRlIG5ldyBwYWdlcyBmb3IgeW91ciBjb250ZW50LiBIYXZlIGZ1biE=,SG9tZQ==,,aW5oZXJpdA==,Y2xvc2Vk,Y2xvc2Vk,,Mi1yZXZpc2lvbi12MQ==,,,MjAxOC0wMi0wNSAwOToyMTowMQ==,MjAxOC0wMi0wNSAwOToyMTowMQ==,,Mg==,aHR0cDovL2xvY2FsaG9zdC8/cD01,MA==,cmV2aXNpb24=,,MA==
ID,post_author,post_date,post_date_gmt,post_content,post_title,post_excerpt,post_status,comment_status,ping_status,post_password,post_name,to_ping,pinged,post_modified,post_modified_gmt,post_content_filtered,post_parent,guid,menu_order,post_type,post_mime_type,comment_count
Ng==,MQ==,MjAxOC0wMi0wNSAwOToyMjozMg==,MjAxOC0wMi0wNSAwOToyMjozMg==,ewogICAgImlsbGR5OjppbGxkeV9hYm91dF9nZW5lcmFsX3Nob3ciOiB7CiAgICAgICAgInZhbHVlIjogZmFsc2UsCiAgICAgICAgInR5cGUiOiAidGhlbWVfbW9kIiwKICAgICAgICAidXNlcl9pZCI6IDEsCiAgICAgICAgImRhdGVfbW9kaWZpZWRfZ210IjogIjIwMTgtMDItMDUgMDk6MjI6MzIiCiAgICB9LAogICAgImlsbGR5OjppbGxkeV9wcm9qZWN0c19nZW5lcmFsX3Nob3ciOiB7CiAgICAgICAgInZhbHVlIjogZmFsc2UsCiAgICAgICAgInR5cGUiOiAidGhlbWVfbW9kIiwKICAgICAgICAidXNlcl9pZCI6IDEsCiAgICAgICAgImRhdGVfbW9kaWZpZWRfZ210IjogIjIwMTgtMDItMDUgMDk6MjI6MzIiCiAgICB9Cn0=,,,dHJhc2g=,Y2xvc2Vk,Y2xvc2Vk,,OTNiZjI5M2QtMDdlZi00YzcwLTkzYzItNzI0YmVhZjg2Nzkw,,,MjAxOC0wMi0wNSAwOToyMjozMg==,MjAxOC0wMi0wNSAwOToyMjozMg==,,MA==,aHR0cDovL2xvY2FsaG9zdC8/cD02,MA==,Y3VzdG9taXplX2NoYW5nZXNldA==,,MA==
ID,post_author,post_date,post_date_gmt,post_content,post_title,post_excerpt,post_status,comment_status,ping_status,post_password,post_name,to_ping,pinged,post_modified,post_modified_gmt,post_content_filtered,post_parent,guid,menu_order,post_type,post_mime_type,comment_count
Nw==,MQ==,MjAxOC0wMi0wNSAwOToyMjozMw==,MjAxOC0wMi0wNSAwOToyMjozMw==,,SWxsZHkgQmFja3VwIFNldHRpbmdz,,aW5oZXJpdA==,Y2xvc2Vk,Y2xvc2Vk,,My1yZXZpc2lvbi12MQ==,,,MjAxOC0wMi0wNSAwOToyMjozMw==,MjAxOC0wMi0wNSAwOToyMjozMw==,,Mw==,aHR0cDovL2xvY2FsaG9zdC8/cD03,MA==,cmV2aXNpb24=,,MA==
ID,post_author,post_date,post_date_gmt,post_content,post_title,post_excerpt,post_status,comment_status,ping_status,post_password,post_name,to_ping,pinged,post_modified,post_modified_gmt,post_content_filtered,post_parent,guid,menu_order,post_type,post_mime_type,comment_count
OA==,MQ==,MjAxOC0wMi0wNSAwOToyMzoxOQ==,MDAwMC0wMC0wMCAwMDowMDowMA==,,SG9tZQ==,,ZHJhZnQ=,Y2xvc2Vk,Y2xvc2Vk,,,,,MjAxOC0wMi0wNSAwOToyMzoxOQ==,MDAwMC0wMC0wMCAwMDowMDowMA==,,MA==,aHR0cDovL2xvY2FsaG9zdC8/cD04,MQ==,bmF2X21lbnVfaXRlbQ==,,MA==
ID,post_author,post_date,post_date_gmt,post_content,post_title,post_excerpt,post_status,comment_status,ping_status,post_password,post_name,to_ping,pinged,post_modified,post_modified_gmt,post_content_filtered,post_parent,guid,menu_order,post_type,post_mime_type,comment_count
OQ==,MQ==,MjAxOC0wMi0wNSAwOToyMzoyMA==,MDAwMC0wMC0wMCAwMDowMDowMA==,IA==,,,ZHJhZnQ=,Y2xvc2Vk,Y2xvc2Vk,,,,,MjAxOC0wMi0wNSAwOToyMzoyMA==,MDAwMC0wMC0wMCAwMDowMDowMA==,,MA==,aHR0cDovL2xvY2FsaG9zdC8/cD05,MQ==,bmF2X21lbnVfaXRlbQ==,,MA==
ID,post_author,post_date,post_date_gmt,post_content,post_title,post_excerpt,post_status,comment_status,ping_status,post_password,post_name,to_ping,pinged,post_modified,post_modified_gmt,post_content_filtered,post_parent,guid,menu_order,post_type,post_mime_type,comment_count
MTA=,MQ==,MjAxOC0wMi0wNSAxMjoyOTozMg==,MjAxOC0wMi0wNSAxMjoyOTozMg==,,bW9obGFsYV9sb2dv,,aW5oZXJpdA==,b3Blbg==,Y2xvc2Vk,,bW9obGFsYV9sb2dv,,,MjAxOC0wMi0wNSAxMjoyOTozMg==,MjAxOC0wMi0wNSAxMjoyOTozMg==,,MA==,aHR0cDovL2xvY2FsaG9zdC93cC1jb250ZW50L3VwbG9hZHMvMjAxOC8wMi9tb2hsYWxhX2xvZ28ucG5n,MA==,YXR0YWNobWVudA==,aW1hZ2UvcG5n,MA==
ID,post_author,post_date,post_date_gmt,post_content,post_title,post_excerpt,post_status,comment_status,ping_status,post_password,post_name,to_ping,pinged,post_modified,post_modified_gmt,post_content_filtered,post_parent,guid,menu_order,post_type,post_mime_type,comment_count
MTE=,MQ==,MjAxOC0wMi0wNSAxMjoyOTo0OA==,MjAxOC0wMi0wNSAxMjoyOTo0OA==,aHR0cDovL2xvY2FsaG9zdC93cC1jb250ZW50L3VwbG9hZHMvMjAxOC8wMi9jcm9wcGVkLW1vaGxhbGFfbG9nby5wbmc=,Y3JvcHBlZC1tb2hsYWxhX2xvZ28ucG5n,,aW5oZXJpdA==,b3Blbg==,Y2xvc2Vk,,Y3JvcHBlZC1tb2hsYWxhX2xvZ28tcG5n,,,MjAxOC0wMi0wNSAxMjoyOTo0OA==,MjAxOC0wMi0wNSAxMjoyOTo0OA==,,MA==,aHR0cDovL2xvY2FsaG9zdC93cC1jb250ZW50L3VwbG9hZHMvMjAxOC8wMi9jcm9wcGVkLW1vaGxhbGFfbG9nby5wbmc=,MA==,YXR0YWNobWVudA==,aW1hZ2UvcG5n,MA==
ID,post_author,post_date,post_date_gmt,post_content,post_title,post_excerpt,post_status,comment_status,ping_status,post_password,post_name,to_ping,pinged,post_modified,post_modified_gmt,post_content_filtered,post_parent,guid,menu_order,post_type,post_mime_type,comment_count
MTI=,MQ==,MjAxOC0wMi0wNSAxMjozMDowNQ==,MjAxOC0wMi0wNSAxMjozMDowNQ==,ewogICAgImlsbGR5OjpjdXN0b21fbG9nbyI6IHsKICAgICAgICAidmFsdWUiOiAxMSwKICAgICAgICAidHlwZSI6ICJ0aGVtZV9tb2QiLAogICAgICAgICJ1c2VyX2lkIjogMSwKICAgICAgICAiZGF0ZV9tb2RpZmllZF9nbXQiOiAiMjAxOC0wMi0wNSAxMjozMDowNSIKICAgIH0KfQ==,,,dHJhc2g=,Y2xvc2Vk,Y2xvc2Vk,,OWZkMzM3NmUtYWI3OS00MDFjLWFlMWMtODMxNWQxNTM4NmFk,,,MjAxOC0wMi0wNSAxMjozMDowNQ==,MjAxOC0wMi0wNSAxMjozMDowNQ==,,MA==,aHR0cDovL2xvY2FsaG9zdC8/cD0xMg==,MA==,Y3VzdG9taXplX2NoYW5nZXNldA==,,MA==
ID,post_author,post_date,post_date_gmt,post_content,post_title,post_excerpt,post_status,comment_status,ping_status,post_password,post_name,to_ping,pinged,post_modified,post_modified_gmt,post_content_filtered,post_parent,guid,menu_order,post_type,post_mime_type,comment_count
MTM=,MQ==,MjAxOC0wMi0wNSAxMjozMDoxNQ==,MjAxOC0wMi0wNSAxMjozMDoxNQ==,ewogICAgImlsbGR5OjppbGxkeV90ZXh0X2xvZ28iOiB7CiAgICAgICAgInZhbHVlIjogIiIsCiAgICAgICAgInR5cGUiOiAidGhlbWVfbW9kIiwKICAgICAgICAidXNlcl9pZCI6IDEsCiAgICAgICAgImRhdGVfbW9kaWZpZWRfZ210IjogIjIwMTgtMDItMDUgMTI6MzA6MTUiCiAgICB9Cn0=,,,dHJhc2g=,Y2xvc2Vk,Y2xvc2Vk,,Mjg4M2Y5MjItZDliMy00YzIyLTk1ODQtOTYwZTgxNGM0ZDEw,,,MjAxOC0wMi0wNSAxMjozMDoxNQ==,MjAxOC0wMi0wNSAxMjozMDoxNQ==,,MA==,aHR0cDovL2xvY2FsaG9zdC8/cD0xMw==,MA==,Y3VzdG9taXplX2NoYW5nZXNldA==,,MA==
ID,post_author,post_date,post_date_gmt,post_content,post_title,post_excerpt,post_status,comment_status,ping_status,post_password,post_name,to_ping,pinged,post_modified,post_modified_gmt,post_content_filtered,post_parent,guid,menu_order,post_type,post_mime_type,comment_count
MTQ=,MQ==,MjAxOC0wMi0wNSAxMjozMDozMA==,MjAxOC0wMi0wNSAxMjozMDozMA==,ewogICAgImlsbGR5OjppbGxkeV9wcmVsb2FkZXJfZW5hYmxlIjogewogICAgICAgICJ2YWx1ZSI6IGZhbHNlLAogICAgICAgICJ0eXBlIjogInRoZW1lX21vZCIsCiAgICAgICAgInVzZXJfaWQiOiAxLAogICAgICAgICJkYXRlX21vZGlmaWVkX2dtdCI6ICIyMDE4LTAyLTA1IDEyOjMwOjMwIgogICAgfQp9,,,dHJhc2g=,Y2xvc2Vk,Y2xvc2Vk,,MzkwZWVkMTUtODg2NS00NDZjLWExMDYtN2YwM2RiNjRkNmZi,,,MjAxOC0wMi0wNSAxMjozMDozMA==,MjAxOC0wMi0wNSAxMjozMDozMA==,,MA==,aHR0cDovL2xvY2FsaG9zdC8/cD0xNA==,MA==,Y3VzdG9taXplX2NoYW5nZXNldA==,,MA==
ID,post_author,post_date,post_date_gmt,post_content,post_title,post_excerpt,post_status,comment_status,ping_status,post_password,post_name,to_ping,pinged,post_modified,post_modified_gmt,post_content_filtered,post_parent,guid,menu_order,post_type,post_mime_type,comment_count
MTU=,MQ==,MjAxOC0wMi0wNSAxMjozMTowNQ==,MjAxOC0wMi0wNSAxMjozMTowNQ==,ewogICAgInNob3dfb25fZnJvbnQiOiB7CiAgICAgICAgInZhbHVlIjogInBhZ2UiLAogICAgICAgICJ0eXBlIjogIm9wdGlvbiIsCiAgICAgICAgInVzZXJfaWQiOiAxLAogICAgICAgICJkYXRlX21vZGlmaWVkX2dtdCI6ICIyMDE4LTAyLTA1IDEyOjMwOjUyIgogICAgfSwKICAgICJwYWdlX29uX2Zyb250IjogewogICAgICAgICJ2YWx1ZSI6ICIyIiwKICAgICAgICAidHlwZSI6ICJvcHRpb24iLAogICAgICAgICJ1c2VyX2lkIjogMSwKICAgICAgICAiZGF0ZV9tb2RpZmllZF9nbXQiOiAiMjAxOC0wMi0wNSAxMjozMTowNSIKICAgIH0KfQ==,,,dHJhc2g=,Y2xvc2Vk,Y2xvc2Vk,,OTM4NTFjZWYtMWY4NC00MjA2LWE1YTEtMjMzMjU5Zjg0NzA5,,,MjAxOC0wMi0wNSAxMjozMTowNQ==,MjAxOC0wMi0wNSAxMjozMTowNQ==,,MA==,aHR0cDovL2xvY2FsaG9zdC8/cD0xNQ==,MA==,Y3VzdG9taXplX2NoYW5nZXNldA==,,MA==
ID,post_author,post_date,post_date_gmt,post_content,post_title,post_excerpt,post_status,comment_status,ping_status,post_password,post_name,to_ping,pinged,post_modified,post_modified_gmt,post_content_filtered,post_parent,guid,menu_order,post_type,post_mime_type,comment_count
MTY=,MQ==,MjAxOC0wMi0wNSAxMjozNDo0OA==,MjAxOC0wMi0wNSAxMjozNDo0OA==,ewogICAgImlsbGR5OjppbGxkeV9qdW1ib3Ryb25fdGl0bGUiOiB7CiAgICAgICAgInZhbHVlIjogIiIsCiAgICAgICAgInR5cGUiOiAidGhlbWVfbW9kIiwKICAgICAgICAidXNlcl9pZCI6IDEsCiAgICAgICAgImRhdGVfbW9kaWZpZWRfZ210IjogIjIwMTgtMDItMDUgMTI6MzQ6NDgiCiAgICB9Cn0=,,,dHJhc2g=,Y2xvc2Vk,Y2xvc2Vk,,MzI5ZTYwOTYtOGYyMC00NWMzLTllMDUtODZjOWYyOWZiNDBi,,,MjAxOC0wMi0wNSAxMjozNDo0OA==,MjAxOC0wMi0wNSAxMjozNDo0OA==,,MA==,aHR0cDovL2xvY2FsaG9zdC8/cD0xNg==,MA==,Y3VzdG9taXplX2NoYW5nZXNldA==,,MA==
ID,post_author,post_date,post_date_gmt,post_content,post_title,post_excerpt,post_status,comment_status,ping_status,post_password,post_name,to_ping,pinged,post_modified,post_modified_gmt,post_content_filtered,post_parent,guid,menu_order,post_type,post_mime_type,comment_count
MTc=,MQ==,MjAxOC0wMi0wNSAxMjozNjo1NQ==,MjAxOC0wMi0wNSAxMjozNjo1NQ==,PGgxPldlIFdlbGNvbWUgWW91PC9oMT4KPHAgY2xhc3M9InN1YiI+V2VsY29tZSB0byBvdXIgb2ZmaWNpYWwgd2Vic2l0ZS4gTW9obGFsYSBhbHVtaW51bSBhbmQgZ2xhc3MgaXMgYSBzbWFsbC1tZWRpdW0gZW50ZXJwcmlzZSB0aGF0IHNwZWNpYWxpemVzIGluIEFsdW1pbml1bSBhbmQgZ2xhc3MgcHJvZHVjdHMuIFdlIGJ1aWxkIGN1c3RvbSBkZXNpZ25zIGZvciBvdXIgY2xpZW50cyB3aG8gYXJlIGhvbWUgb3duZXJzIHdobyB3YW50IHRvIHJlbm92YXRlIG9yIGJ1aWxkIGludG8gdGhlaXIgaG9tZXMgdGhlIG1vc3QgZmFzaGlvbmFibGUgZGVzaWducyBvZiBhbHVtaW5pdW0gZG9vcnMsIHdpbmRvd3MsIGZvbGRhYmxlIGdhcmFnZSBkb29ycyBhbmQgZ2F0ZXMuIFdlIGFyZSBub3Qgb25seSBsaW1pdGVkIHRvIHByb3ZpZGluZyBwcm9mZXNzaW9uYWwgc2VydmljZXMgdG8gaG9tZSBvd25lcnMsIHdlIGFsc28gd29yayB3aXRoIGNvbXBhbmllcyB0aGF0IHJlcXVpcmUgb2ZmaWNlIHNwYWNlIHN1cHBvcnQsIGZyb20gYWx1bWluaXVtIGFuZCBnbGFzcyByYWlsaW5ncywgb3BlbiBvZmZpY2Ugc3BhY2UgcGFydGl0aW9uaW5nLCBhbmQgYWxzbyBjb25mZXJlbmNlIHJvb20gcGFydGl0aW9uaW5nLiBXZSBhcmUgaGFwcHkgeW91IHRob3VnaHQgb2YgdXMgYW5kIHRoYW5rIHlvdSBmb3IgdGFraW5nIHRoZSB0aW1lIHRvIHZpc2l0IHVzLjwvcD4=,SG9tZQ==,,aW5oZXJpdA==,Y2xvc2Vk,Y2xvc2Vk,,Mi1hdXRvc2F2ZS12MQ==,,,MjAxOC0wMi0wNSAxMjozNjo1NQ==,MjAxOC0wMi0wNSAxMjozNjo1NQ==,,Mg==,aHR0cDovL2xvY2FsaG9zdC8/cD0xNw==,MA==,cmV2aXNpb24=,,MA==
ID,post_author,post_date,post_date_gmt,post_content,post_title,post_excerpt,post_status,comment_status,ping_status,post_password,post_name,to_ping,pinged,post_modified,post_modified_gmt,post_content_filtered,post_parent,guid,menu_order,post_type,post_mime_type,comment_count
MTg=,MQ==,MjAxOC0wMi0wNSAxMjozNzoxNA==,MjAxOC0wMi0wNSAxMjozNzoxNA==,PGgxIHN0eWxlPSJ0ZXh0LWFsaWduOiBjZW50ZXI7Ij5XZSBXZWxjb21lIFlvdTwvaDE+DQo8cCBjbGFzcz0ic3ViIj5XZWxjb21lIHRvIG91ciBvZmZpY2lhbCB3ZWJzaXRlLiBNb2hsYWxhIGFsdW1pbnVtIGFuZCBnbGFzcyBpcyBhIHNtYWxsLW1lZGl1bSBlbnRlcnByaXNlIHRoYXQgc3BlY2lhbGl6ZXMgaW4gQWx1bWluaXVtIGFuZCBnbGFzcyBwcm9kdWN0cy4gV2UgYnVpbGQgY3VzdG9tIGRlc2lnbnMgZm9yIG91ciBjbGllbnRzIHdobyBhcmUgaG9tZW93bmVycyB3aG8gd2FudCB0byByZW5vdmF0ZSBvciBidWlsZCBpbnRvIHRoZWlyIGhvbWVzIHRoZSBtb3N0IGZhc2hpb25hYmxlIGRlc2lnbnMgb2YgYWx1bWludW0gZG9vcnMsIHdpbmRvd3MsIGZvbGRhYmxlIGdhcmFnZSBkb29ycywgYW5kIGdhdGVzLiBXZSBhcmUgbm90IG9ubHkgbGltaXRlZCB0byBwcm92aWRpbmcgcHJvZmVzc2lvbmFsIHNlcnZpY2VzIHRvIGhvbWVvd25lcnMsIHdlIGFsc28gd29yayB3aXRoIGNvbXBhbmllcyB0aGF0IHJlcXVpcmUgb2ZmaWNlIHNwYWNlIHN1cHBvcnQsIGZyb20gYWx1bWludW0gYW5kIGdsYXNzIHJhaWxpbmdzLCBvcGVuIG9mZmljZSBzcGFjZSBwYXJ0aXRpb25pbmcsIGFuZCBhbHNvIGNvbmZlcmVuY2Ugcm9vbSBwYXJ0aXRpb25pbmcuIFdlIGFyZSBoYXBweSB5b3UgdGhvdWdodCBvZiB1cyBhbmQgdGhhbmsgeW91IGZvciB0YWtpbmcgdGhlIHRpbWUgdG8gdmlzaXQgdXMuPC9wPg==,SG9tZQ==,,aW5oZXJpdA==,Y2xvc2Vk,Y2xvc2Vk,,Mi1yZXZpc2lvbi12MQ==,,,MjAxOC0wMi0wNSAxMjozNzoxNA==,MjAxOC0wMi0wNSAxMjozNzoxNA==,,Mg==,aHR0cDovL2xvY2FsaG9zdC8/cD0xOA==,MA==,cmV2aXNpb24=,,MA==
ID,post_author,post_date,post_date_gmt,post_content,post_title,post_excerpt,post_status,comment_status,ping_status,post_password,post_name,to_ping,pinged,post_modified,post_modified_gmt,post_content_filtered,post_parent,guid,menu_order,post_type,post_mime_type,comment_count
MTk=,MQ==,MjAxOC0wMi0wNSAxMjo0MzoxNQ==,MjAxOC0wMi0wNSAxMjo0MzoxNQ==,ewogICAgInNpZGViYXJzX3dpZGdldHNbZnJvbnQtcGFnZS1zZXJ2aWNlcy1zaWRlYmFyXSI6IHsKICAgICAgICAidmFsdWUiOiBbCiAgICAgICAgICAgICJpbGxkeV9zZXJ2aWNlLTMiCiAgICAgICAgXSwKICAgICAgICAidHlwZSI6ICJvcHRpb24iLAogICAgICAgICJ1c2VyX2lkIjogMSwKICAgICAgICAiZGF0ZV9tb2RpZmllZF9nbXQiOiAiMjAxOC0wMi0wNSAxMjo0Mjo1MyIKICAgIH0sCiAgICAid2lkZ2V0X2lsbGR5X3NlcnZpY2VbM10iOiB7CiAgICAgICAgInZhbHVlIjogewogICAgICAgICAgICAiZW5jb2RlZF9zZXJpYWxpemVkX2luc3RhbmNlIjogIllUbzBPbnR6T2pVNkluUnBkR3hsSWp0ek9qRTFPaUpiU1d4c1pIbGRJQzBnVTJ0cGJHd2lPM002TkRvaWFXTnZiaUk3Y3pveU1qb2lZV3hzTFdadmJuUXRZWGRsYzI5dFpTMXBZMjl1Y3lJN2N6bzFPaUpsYm5SeWVTSTdjem8xTlRvaVBITjBjbTl1Wno1QmJIVnRhVzVwZFcwZ1lXNWtJQ0JuYkdGemN6d3ZjM1J5YjI1blBnMEtWMlVnYzNCbFkybGhiR2w2WlNCcGJpSTdjem8xT2lKamIyeHZjaUk3Y3pvd09pSWlPMzA9IiwKICAgICAgICAgICAgInRpdGxlIjogIltJbGxkeV0gLSBTa2lsbCIsCiAgICAgICAgICAgICJpc193aWRnZXRfY3VzdG9taXplcl9qc192YWx1ZSI6IHRydWUsCiAgICAgICAgICAgICJpbnN0YW5jZV9oYXNoX2tleSI6ICI0N2E1MjkxNTgyNmE3ODE2MTVkOTZlNTQ5NmZkMDM0OSIKICAgICAgICB9LAogICAgICAgICJ0eXBlIjogIm9wdGlvbiIsCiAgICAgICAgInVzZXJfaWQiOiAxLAogICAgICAgICJkYXRlX21vZGlmaWVkX2dtdCI6ICIyMDE4LTAyLTA1IDEyOjQzOjE1IgogICAgfQp9,,,dHJhc2g=,Y2xvc2Vk,Y2xvc2Vk,,ZmMyMTVmMjYtYTZkNS00ZDNlLWE4NzktZDE3MDU4Mzc4MWVm,,,MjAxOC0wMi0wNSAxMjo0MzoxNQ==,MjAxOC0wMi0wNSAxMjo0MzoxNQ==,,MA==,aHR0cDovL2xvY2FsaG9zdC8/cD0xOQ==,MA==,Y3VzdG9taXplX2NoYW5nZXNldA==,,MA==
ID,post_author,post_date,post_date_gmt,post_content,post_title,post_excerpt,post_status,comment_status,ping_status,post_password,post_name,to_ping,pinged,post_modified,post_modified_gmt,post_content_filtered,post_parent,guid,menu_order,post_type,post_mime_type,comment_count
MjA=,MQ==,MjAxOC0wMi0wNSAxMzowMDoyMA==,MjAxOC0wMi0wNSAxMzowMDoyMA==,ewogICAgIndpZGdldF9pbGxkeV9zZXJ2aWNlWzNdIjogewogICAgICAgICJ2YWx1ZSI6IHsKICAgICAgICAgICAgImVuY29kZWRfc2VyaWFsaXplZF9pbnN0YW5jZSI6ICJZVG8wT250ek9qVTZJblJwZEd4bElqdHpPakU1T2lKQmJIVnRhVzVwZFcwZ1lXNWtJRWRzWVhOeklqdHpPalE2SW1samIyNGlPM002TVRJNkltWmhJR1poTFhkeVpXNWphQ0k3Y3pvMU9pSmxiblJ5ZVNJN2N6b3hOREk2SWxkbElITndaV05wWVd4cGVtVWdhVzRnWTNWemRHOXRJRzFoWkdVZ1lXeDFiV2x1YVhWdElIQnliMlIxWTNSeklISmhibWRwYm1jZ1puSnZiU0JFYjI5eWN5d2dWMmx1Wkc5M2N5d2dSMkYwWlhNc0lFZGhjbUZuWlNCRWIyOXljeXdnVTJ4cFpHbHVaeUJFYjI5eWN5d2dUMlptYVdObElIQmhjblJwZEdsdmJtbHVaeUJoYm1RZ2JXOXlaUzRpTzNNNk5Ub2lZMjlzYjNJaU8zTTZNRG9pSWp0OSIsCiAgICAgICAgICAgICJ0aXRsZSI6ICJBbHVtaW5pdW0gYW5kIEdsYXNzIiwKICAgICAgICAgICAgImlzX3dpZGdldF9jdXN0b21pemVyX2pzX3ZhbHVlIjogdHJ1ZSwKICAgICAgICAgICAgImluc3RhbmNlX2hhc2hfa2V5IjogIjM1MmIzMDM0ZjVmOTdlZTMxYmFlYThmNGMzMGM5MzIwIgogICAgICAgIH0sCiAgICAgICAgInR5cGUiOiAib3B0aW9uIiwKICAgICAgICAidXNlcl9pZCI6IDEsCiAgICAgICAgImRhdGVfbW9kaWZpZWRfZ210IjogIjIwMTgtMDItMDUgMTM6MDA6MjAiCiAgICB9LAogICAgInNpZGViYXJzX3dpZGdldHNbZnJvbnQtcGFnZS1zZXJ2aWNlcy1zaWRlYmFyXSI6IHsKICAgICAgICAidmFsdWUiOiBbCiAgICAgICAgICAgICJpbGxkeV9zZXJ2aWNlLTMiLAogICAgICAgICAgICAiaWxsZHlfc2VydmljZS01IgogICAgICAgIF0sCiAgICAgICAgInR5cGUiOiAib3B0aW9uIiwKICAgICAgICAidXNlcl9pZCI6IDEsCiAgICAgICAgImRhdGVfbW9kaWZpZWRfZ210IjogIjIwMTgtMDItMDUgMTI6NDU6NDAiCiAgICB9LAogICAgIndpZGdldF9pbGxkeV9zZXJ2aWNlWzVdIjogewogICAgICAgICJ2YWx1ZSI6IHsKICAgICAgICAgICAgImVuY29kZWRfc2VyaWFsaXplZF9pbnN0YW5jZSI6ICJZVG8wT250ek9qVTZJblJwZEd4bElqdHpPakk0T2lKQmJIVnRhVzVwZFcwZ1lXNWtJRWRzWVhOeklGTjFjSEJzYVdWeUlqdHpPalE2SW1samIyNGlPM002TVRZNkltWmhJR1poTFdGMWRHOXRiMkpwYkdVaU8zTTZOVG9pWlc1MGNua2lPM002TVRRNE9pSlhaU0J6ZFhCd2JIa2dZV3gxYldsdWFYVnRJR0Z1WkNCbmJHRnpjeUIwYnlCamRYTjBiMjFsY25NZ2QyaHZJSEpsY1hWcGNtVWdjM1Z3Y0d4cFpYTWdkRzhnWTJ4cFpXNTBjeUIzYUc4Z1lYSmxJR2x1SUhSb1pTQnpZVzFsSUdKMWMybHVaWE56SUc5bUlHSjFhV3hrYVc1bklHRnVaQ0J0WVd0cGJtY2dZV3gxYldsdWFYVnRJSEJ5YjJSMVkzUnpMaUFnSWp0ek9qVTZJbU52Ykc5eUlqdHpPakE2SWlJN2ZRPT0iLAogICAgICAgICAgICAidGl0bGUiOiAiQWx1bWluaXVtIGFuZCBHbGFzcyBTdXBwbGllciIsCiAgICAgICAgICAgICJpc193aWRnZXRfY3VzdG9taXplcl9qc192YWx1ZSI6IHRydWUsCiAgICAgICAgICAgICJpbnN0YW5jZV9oYXNoX2tleSI6ICJhMDgzNzZiMGRiYzRjYjlmMmJhYmU4N2RjYzIwZmE1NCIKICAgICAgICB9LAogICAgICAgICJ0eXBlIjogIm9wdGlvbiIsCiAgICAgICAgInVzZXJfaWQiOiAxLAogICAgICAgICJkYXRlX21vZGlmaWVkX2dtdCI6ICIyMDE4LTAyLTA1IDEyOjU4OjU2IgogICAgfQp9,,,dHJhc2g=,Y2xvc2Vk,Y2xvc2Vk,,ZmIyZjZhOTctMTlhZS00ODhhLWJhN2QtZGEzMDdkM2NmMzg2,,,MjAxOC0wMi0wNSAxMzowMDoyMA==,MjAxOC0wMi0wNSAxMzowMDoyMA==,,MA==,aHR0cDovL2xvY2FsaG9zdC8/cD0yMA==,MA==,Y3VzdG9taXplX2NoYW5nZXNldA==,,MA==
ID,post_author,post_date,post_date_gmt,post_content,post_title,post_excerpt,post_status,comment_status,ping_status,post_password,post_name,to_ping,pinged,post_modified,post_modified_gmt,post_content_filtered,post_parent,guid,menu_order,post_type,post_mime_type,comment_count
MjE=,MQ==,MjAxOC0wMi0wNSAxMzowMTo0MA==,MjAxOC0wMi0wNSAxMzowMTo0MA==,ewogICAgImlsbGR5OjppbGxkeV9zZXJ2aWNlc19nZW5lcmFsX2VudHJ5IjogewogICAgICAgICJ2YWx1ZSI6ICJJbiBvcmRlciB0byBoZWxwIHlvdSB1bmRlcnN0YW5kIG91ciBidXNpbmVzcywgb3VyIGNhcmVmdWxseSBzZWxlY3RlZCBleHBlcnRzIGNhbiBhZHZpc2UgeW91IGluIGluIHRoZSBmb2xsb3dpbmcgYXJlYXM6IiwKICAgICAgICAidHlwZSI6ICJ0aGVtZV9tb2QiLAogICAgICAgICJ1c2VyX2lkIjogMSwKICAgICAgICAiZGF0ZV9tb2RpZmllZF9nbXQiOiAiMjAxOC0wMi0wNSAxMzowMTo0MCIKICAgIH0KfQ==,,,dHJhc2g=,Y2xvc2Vk,Y2xvc2Vk,,MjY3YTM0OWUtNjViMy00NmYyLTkyMzUtMTEzOWUyMmI2ODY5,,,MjAxOC0wMi0wNSAxMzowMTo0MA==,MjAxOC0wMi0wNSAxMzowMTo0MA==,,MA==,aHR0cDovL2xvY2FsaG9zdC8/cD0yMQ==,MA==,Y3VzdG9taXplX2NoYW5nZXNldA==,,MA==
ID,post_author,post_date,post_date_gmt,post_content,post_title,post_excerpt,post_status,comment_status,ping_status,post_password,post_name,to_ping,pinged,post_modified,post_modified_gmt,post_content_filtered,post_parent,guid,menu_order,post_type,post_mime_type,comment_count
MjI=,MQ==,MjAxOC0wMi0wNSAxMzowMzowMw==,MjAxOC0wMi0wNSAxMzowMzowMw==,ewogICAgImlsbGR5OjppbGxkeV90ZXN0aW1vbmlhbHNfZ2VuZXJhbF9zaG93IjogewogICAgICAgICJ2YWx1ZSI6IGZhbHNlLAogICAgICAgICJ0eXBlIjogInRoZW1lX21vZCIsCiAgICAgICAgInVzZXJfaWQiOiAxLAogICAgICAgICJkYXRlX21vZGlmaWVkX2dtdCI6ICIyMDE4LTAyLTA1IDEzOjAzOjAzIgogICAgfQp9,,,dHJhc2g=,Y2xvc2Vk,Y2xvc2Vk,,MTlkMGY3ZmMtZmMzZS00ZDA1LTg1YjAtOTQ2NjZmNWJiN2Yy,,,MjAxOC0wMi0wNSAxMzowMzowMw==,MjAxOC0wMi0wNSAxMzowMzowMw==,,MA==,aHR0cDovL2xvY2FsaG9zdC8/cD0yMg==,MA==,Y3VzdG9taXplX2NoYW5nZXNldA==,,MA==
ID,post_author,post_date,post_date_gmt,post_content,post_title,post_excerpt,post_status,comment_status,ping_status,post_password,post_name,to_ping,pinged,post_modified,post_modified_gmt,post_content_filtered,post_parent,guid,menu_order,post_type,post_mime_type,comment_count
MjM=,MQ==,MjAxOC0wMi0wNSAxMzowMzoyMA==,MjAxOC0wMi0wNSAxMzowMzoyMA==,ewogICAgImlsbGR5OjppbGxkeV90ZXN0aW1vbmlhbHNfZ2VuZXJhbF9zaG93IjogewogICAgICAgICJ2YWx1ZSI6IHRydWUsCiAgICAgICAgInR5cGUiOiAidGhlbWVfbW9kIiwKICAgICAgICAidXNlcl9pZCI6IDEsCiAgICAgICAgImRhdGVfbW9kaWZpZWRfZ210IjogIjIwMTgtMDItMDUgMTM6MDM6MjAiCiAgICB9Cn0=,,,dHJhc2g=,Y2xvc2Vk,Y2xvc2Vk,,YTI1OTE5ODYtMzYxMS00ZWQ5LTg4M2YtZmZjZTM0OTIwZWI1,,,MjAxOC0wMi0wNSAxMzowMzoyMA==,MjAxOC0wMi0wNSAxMzowMzoyMA==,,MA==,aHR0cDovL2xvY2FsaG9zdC8/cD0yMw==,MA==,Y3VzdG9taXplX2NoYW5nZXNldA==,,MA==
ID,post_author,post_date,post_date_gmt,post_content,post_title,post_excerpt,post_status,comment_status,ping_status,post_password,post_name,to_ping,pinged,post_modified,post_modified_gmt,post_content_filtered,post_parent,guid,menu_order,post_type,post_mime_type,comment_count
MjQ=,MQ==,MjAxOC0wMi0wNSAxMzowOTo0OA==,MjAxOC0wMi0wNSAxMzowOTo0OA==,ewogICAgInNpZGViYXJzX3dpZGdldHNbZnJvbnQtcGFnZS10ZWFtLXNpZGViYXJdIjogewogICAgICAgICJ2YWx1ZSI6IFsKICAgICAgICAgICAgImlsbGR5X3BlcnNvbi0zIiwKICAgICAgICAgICAgImlsbGR5X3BlcnNvbi00IgogICAgICAgIF0sCiAgICAgICAgInR5cGUiOiAib3B0aW9uIiwKICAgICAgICAidXNlcl9pZCI6IDEsCiAgICAgICAgImRhdGVfbW9kaWZpZWRfZ210IjogIjIwMTgtMDItMDUgMTM6MDg6NTUiCiAgICB9LAogICAgIndpZGdldF9pbGxkeV9wZXJzb25bM10iOiB7CiAgICAgICAgInZhbHVlIjogewogICAgICAgICAgICAiZW5jb2RlZF9zZXJpYWxpemVkX2luc3RhbmNlIjogIllUbzVPbnR6T2pVNkluUnBkR3hsSWp0ek9qRTBPaUpMWVdKbGJHOGdUVzlvYkdGc1lTSTdjem8xT2lKcGJXRm5aU0k3Y3pvMU9Eb2lhSFIwY0RvdkwyeHZZMkZzYUc5emRDOTNjQzFqYjI1MFpXNTBMM1Z3Ykc5aFpITXZNakF4T0M4d01pOXBiV2RmZEdWaGJWOHhMbXB3WnlJN2N6bzRPaUp3YjNOcGRHbHZiaUk3Y3pveE56b2lUV0Z1WVdkcGJtY2dSR2x5WldOMGIzSWlPM002TlRvaVpXNTBjbmtpTzNNNk1qY3pPaUpHYjNWdVpHVnlJR0Z1WkNCdmQyNWxjaUJ2WmlCTmIyaHNZV3hoSUdGc2RXMXBibWwxYlNCaGJtUWdaMnhoYzNNZ1kyOXRjR0Z1ZVN3Z2FHRnpJRzF2Y21VZ2RHaGhiaUExSUhsbFlYSnpJR1Y0Y0dWeWFXVnVZMlVnZDI5eWEybHVaeUJoY3lCaGJpQnBibk4wWVd4c1pYSWdZWE1nWVc0Z1pXMXdiRzk1WldVZ2RHOGdhR2x6SUhCeVpYWnBiM1Z6SUdWdGNHeHZlV1Z5TGlCSVpTQm9ZWE1nWW1WbGJpQmhJR3hsWVdSbGNpQmhibVFnZEhKMWMzUmxaQ0JsYlhCc2IzbGxaU0IwYnlCd2NtOTJhV1JsSUhCeWIyWmxjM05wYjI1aGJDQnpaWEoyYVdObGN5QnBiaUJwYm5OMFlXeHNhVzVuSUdGc2RXMXBibWwxYlNCaGJtUWdaMnhoYzNNZ1pHVnphV2R1Y3k0aU8zTTZNVEk2SW1aaFkyVmliMjlyWDNWeWJDSTdjem93T2lJaU8zTTZNVEU2SW5SM2FYUjBaWEpmZFhKc0lqdHpPakE2SWlJN2N6b3hNam9pYkdsdWEyVmthVzVmZFhKc0lqdHpPakE2SWlJN2N6b3hNRG9pWjJsMGFIVmlYM1Z5YkNJN2N6b3dPaUlpTzNNNk5Ub2lZMjlzYjNJaU8zTTZOem9pSXpBd01EQXdNQ0k3ZlE9PSIsCiAgICAgICAgICAgICJ0aXRsZSI6ICJLYWJlbG8gTW9obGFsYSIsCiAgICAgICAgICAgICJpc193aWRnZXRfY3VzdG9taXplcl9qc192YWx1ZSI6IHRydWUsCiAgICAgICAgICAgICJpbnN0YW5jZV9oYXNoX2tleSI6ICI5Y2JiZDBmMzEwODg4YTQyZmY5MWExYmJmZWI0MTlmYSIKICAgICAgICB9LAogICAgICAgICJ0eXBlIjogIm9wdGlvbiIsCiAgICAgICAgInVzZXJfaWQiOiAxLAogICAgICAgICJkYXRlX21vZGlmaWVkX2dtdCI6ICIyMDE4LTAyLTA1IDEzOjA4OjU1IgogICAgfSwKICAgICJ3aWRnZXRfaWxsZHlfcGVyc29uWzRdIjogewogICAgICAgICJ2YWx1ZSI6IHsKICAgICAgICAgICAgImVuY29kZWRfc2VyaWFsaXplZF9pbnN0YW5jZSI6ICJZVG81T250ek9qVTZJblJwZEd4bElqdHpPakUyT2lKRWRXMXBjMkZ1YVNCTGFIVnRZV3h2SWp0ek9qVTZJbWx0WVdkbElqdHpPamt3T2lKb2RIUndPaTh2Ykc5allXeG9iM04wTDNkd0xXTnZiblJsYm5RdmRHaGxiV1Z6TDJsc2JHUjVMMnhoZVc5MWRDOXBiV0ZuWlhNdlpuSnZiblF0Y0dGblpTOW1jbTl1ZEMxd1lXZGxMWEJ5YjJwbFkzUXRNUzVxY0djaU8zTTZPRG9pY0c5emFYUnBiMjRpTzNNNk1qazZJa0oxYzJsdVpYTnpJRU52Ym5OMWJIUmhiblFnSmlCTllXNWhaMlZ5SWp0ek9qVTZJbVZ1ZEhKNUlqdHpPakl6TkRvaVIzSmhaSFZoZEdVZ1puSnZiU0IwYUdVZ1ZITm9kMkZ1WlNCMWJtbDJaWEp6YVhSNUlHOW1JSFJsWTJodWIyeHZaM2tnWVhNZ1lTQlRiMlowZDJGeVpTQmtaWFpsYkc5d1pYSXNJR0VnWW5WemFXNWxjM01nWTI5dWMzVnNkR0Z1ZENCM2FHOGdhR1ZzY0hNZ2JXRnVZV2RsSUhCeWIycGxZM1J6SUdGdVpDQmhiSE52SUhaaGJIVmxJR1p2Y2lCamJHbGxiblJ6SUhkb2FXeGxJRXRoWW1Wc2J5Qm5aWFJ6SUhSb1pTQktiMklnWkc5dVpTNGdWR2hwY3lCcGN5QmhJR052Ykd4bFkzUnBkbVVnWldabWIzSjBJR2x1SUdkeWIzZHBibWNnZEdobElHTnZiWEJoYm5rdUlqdHpPakV5T2lKbVlXTmxZbTl2YTE5MWNtd2lPM002TURvaUlqdHpPakV4T2lKMGQybDBkR1Z5WDNWeWJDSTdjem93T2lJaU8zTTZNVEk2SW14cGJtdGxaR2x1WDNWeWJDSTdjem93T2lJaU8zTTZNVEE2SW1kcGRHaDFZbDkxY213aU8zTTZNRG9pSWp0ek9qVTZJbU52Ykc5eUlqdHpPamM2SWlNd01EQXdNREFpTzMwPSIsCiAgICAgICAgICAgICJ0aXRsZSI6ICJEdW1pc2FuaSBLaHVtYWxvIiwKICAgICAgICAgICAgImlzX3dpZGdldF9jdXN0b21pemVyX2pzX3ZhbHVlIjogdHJ1ZSwKICAgICAgICAgICAgImluc3RhbmNlX2hhc2hfa2V5IjogIjkwNzRhMjY5YzQ2M2RmZDUwYTM0MWRmM2VlODQ1YTY5IgogICAgICAgIH0sCiAgICAgICAgInR5cGUiOiAib3B0aW9uIiwKICAgICAgICAidXNlcl9pZCI6IDEsCiAgICAgICAgImRhdGVfbW9kaWZpZWRfZ210IjogIjIwMTgtMDItMDUgMTM6MDk6NDgiCiAgICB9Cn0=,,,dHJhc2g=,Y2xvc2Vk,Y2xvc2Vk,,NGMxNWYxNmEtYmQ1Mi00M2QzLWJhOGItNmJhOTQ2ZmRkZWU4,,,MjAxOC0wMi0wNSAxMzowOTo0OA==,MjAxOC0wMi0wNSAxMzowOTo0OA==,,MA==,aHR0cDovL2xvY2FsaG9zdC8/cD0yNA==,MA==,Y3VzdG9taXplX2NoYW5nZXNldA==,,MA==
ID,post_author,post_date,post_date_gmt,post_content,post_title,post_excerpt,post_status,comment_status,ping_status,post_password,post_name,to_ping,pinged,post_modified,post_modified_gmt,post_content_filtered,post_parent,guid,menu_order,post_type,post_mime_type,comment_count
MjU=,MQ==,MjAxOC0wMi0wNSAxMzowODowMA==,MjAxOC0wMi0wNSAxMzowODowMA==,,aW1nX3RlYW1fMQ==,,aW5oZXJpdA==,b3Blbg==,Y2xvc2Vk,,aW1nX3RlYW1fMQ==,,,MjAxOC0wMi0wNSAxMzowODowMA==,MjAxOC0wMi0wNSAxMzowODowMA==,,MA==,aHR0cDovL2xvY2FsaG9zdC93cC1jb250ZW50L3VwbG9hZHMvMjAxOC8wMi9pbWdfdGVhbV8xLmpwZw==,MA==,YXR0YWNobWVudA==,aW1hZ2UvanBlZw==,MA==
ID,post_author,post_date,post_date_gmt,post_content,post_title,post_excerpt,post_status,comment_status,ping_status,post_password,post_name,to_ping,pinged,post_modified,post_modified_gmt,post_content_filtered,post_parent,guid,menu_order,post_type,post_mime_type,comment_count
MjY=,MQ==,MjAxOC0wMi0wNSAxMzoxMjoxMg==,MjAxOC0wMi0wNSAxMzoxMjoxMg==,,aW1nX3RlYW1fMg==,,aW5oZXJpdA==,b3Blbg==,Y2xvc2Vk,,aW1nX3RlYW1fMg==,,,MjAxOC0wMi0wNSAxMzoxMjoxMg==,MjAxOC0wMi0wNSAxMzoxMjoxMg==,,MA==,aHR0cDovL2xvY2FsaG9zdC93cC1jb250ZW50L3VwbG9hZHMvMjAxOC8wMi9pbWdfdGVhbV8yLmpwZw==,MA==,YXR0YWNobWVudA==,aW1hZ2UvanBlZw==,MA==
ID,post_author,post_date,post_date_gmt,post_content,post_title,post_excerpt,post_status,comment_status,ping_status,post_password,post_name,to_ping,pinged,post_modified,post_modified_gmt,post_content_filtered,post_parent,guid,menu_order,post_type,post_mime_type,comment_count
Mjc=,MQ==,MjAxOC0wMi0wNSAxMzoxMzoyMw==,MjAxOC0wMi0wNSAxMzoxMzoyMw==,ewogICAgImlsbGR5OjppbGxkeV90ZWFtX2dlbmVyYWxfZW50cnkiOiB7CiAgICAgICAgInZhbHVlIjogIk1lZXQgdGhlIHBlb3BsZSB3aG8gd2lsbCBiZSByZXNwb25zaWJsZSBmb3IgeW91ciBidXNpbmVzcyBuZWVkcy4iLAogICAgICAgICJ0eXBlIjogInRoZW1lX21vZCIsCiAgICAgICAgInVzZXJfaWQiOiAxLAogICAgICAgICJkYXRlX21vZGlmaWVkX2dtdCI6ICIyMDE4LTAyLTA1IDEzOjEzOjIzIgogICAgfSwKICAgICJ3aWRnZXRfaWxsZHlfcGVyc29uWzRdIjogewogICAgICAgICJ2YWx1ZSI6IHsKICAgICAgICAgICAgImVuY29kZWRfc2VyaWFsaXplZF9pbnN0YW5jZSI6ICJZVG81T250ek9qVTZJblJwZEd4bElqdHpPakUyT2lKRWRXMXBjMkZ1YVNCTGFIVnRZV3h2SWp0ek9qVTZJbWx0WVdkbElqdHpPalU0T2lKb2RIUndPaTh2Ykc5allXeG9iM04wTDNkd0xXTnZiblJsYm5RdmRYQnNiMkZrY3k4eU1ERTRMekF5TDJsdFoxOTBaV0Z0WHpJdWFuQm5JanR6T2pnNkluQnZjMmwwYVc5dUlqdHpPakk1T2lKQ2RYTnBibVZ6Y3lCRGIyNXpkV3gwWVc1MElDWWdUV0Z1WVdkbGNpSTdjem8xT2lKbGJuUnllU0k3Y3pveU16UTZJa2R5WVdSMVlYUmxJR1p5YjIwZ2RHaGxJRlJ6YUhkaGJtVWdkVzVwZG1WeWMybDBlU0J2WmlCMFpXTm9ibTlzYjJkNUlHRnpJR0VnVTI5bWRIZGhjbVVnWkdWMlpXeHZjR1Z5TENCaElHSjFjMmx1WlhOeklHTnZibk4xYkhSaGJuUWdkMmh2SUdobGJIQnpJRzFoYm1GblpTQndjbTlxWldOMGN5QmhibVFnWVd4emJ5QjJZV3gxWlNCbWIzSWdZMnhwWlc1MGN5QjNhR2xzWlNCTFlXSmxiRzhnWjJWMGN5QjBhR1VnU205aUlHUnZibVV1SUZSb2FYTWdhWE1nWVNCamIyeHNaV04wYVhabElHVm1abTl5ZENCcGJpQm5jbTkzYVc1bklIUm9aU0JqYjIxd1lXNTVMaUk3Y3pveE1qb2labUZqWldKdmIydGZkWEpzSWp0ek9qQTZJaUk3Y3pveE1Ub2lkSGRwZEhSbGNsOTFjbXdpTzNNNk1Eb2lJanR6T2pFeU9pSnNhVzVyWldScGJsOTFjbXdpTzNNNk1Eb2lJanR6T2pFd09pSm5hWFJvZFdKZmRYSnNJanR6T2pBNklpSTdjem8xT2lKamIyeHZjaUk3Y3pvM09pSWpNREF3TURBd0lqdDkiLAogICAgICAgICAgICAidGl0bGUiOiAiRHVtaXNhbmkgS2h1bWFsbyIsCiAgICAgICAgICAgICJpc193aWRnZXRfY3VzdG9taXplcl9qc192YWx1ZSI6IHRydWUsCiAgICAgICAgICAgICJpbnN0YW5jZV9oYXNoX2tleSI6ICI5NGZkMTcwMzE0ZTUyYjA5Njk1MDU4ODJmZTRkM2I1NCIKICAgICAgICB9LAogICAgICAgICJ0eXBlIjogIm9wdGlvbiIsCiAgICAgICAgInVzZXJfaWQiOiAxLAogICAgICAgICJkYXRlX21vZGlmaWVkX2dtdCI6ICIyMDE4LTAyLTA1IDEzOjEyOjUzIgogICAgfQp9,,,dHJhc2g=,Y2xvc2Vk,Y2xvc2Vk,,NGM0YWFmZDQtMGE5OS00MDUyLTlmOTgtNzI1YThmMDk4YmNi,,,MjAxOC0wMi0wNSAxMzoxMzoyMw==,MjAxOC0wMi0wNSAxMzoxMzoyMw==,,MA==,aHR0cDovL2xvY2FsaG9zdC8/cD0yNw==,MA==,Y3VzdG9taXplX2NoYW5nZXNldA==,,MA==
ID,post_author,post_date,post_date_gmt,post_content,post_title,post_excerpt,post_status,comment_status,ping_status,post_password,post_name,to_ping,pinged,post_modified,post_modified_gmt,post_content_filtered,post_parent,guid,menu_order,post_type,post_mime_type,comment_count
Mjg=,MQ==,MjAxOC0wMi0wNSAxMzoxMzo1OA==,MjAxOC0wMi0wNSAxMzoxMzo1OA==,ewogICAgImlsbGR5OjppbGxkeV90ZWFtX2JhY2tncm91bmRfc2l6ZSI6IHsKICAgICAgICAidmFsdWUiOiAiY29udGFpbiIsCiAgICAgICAgInR5cGUiOiAidGhlbWVfbW9kIiwKICAgICAgICAidXNlcl9pZCI6IDEsCiAgICAgICAgImRhdGVfbW9kaWZpZWRfZ210IjogIjIwMTgtMDItMDUgMTM6MTM6NTMiCiAgICB9Cn0=,,,dHJhc2g=,Y2xvc2Vk,Y2xvc2Vk,,NGRjN2Y3NGItNzgzMi00OGQzLTk4MjgtNmE3NDJjNGY2ZjUw,,,MjAxOC0wMi0wNSAxMzoxMzo1OA==,MjAxOC0wMi0wNSAxMzoxMzo1OA==,,MA==,aHR0cDovL2xvY2FsaG9zdC8/cD0yOA==,MA==,Y3VzdG9taXplX2NoYW5nZXNldA==,,MA==
ID,post_author,post_date,post_date_gmt,post_content,post_title,post_excerpt,post_status,comment_status,ping_status,post_password,post_name,to_ping,pinged,post_modified,post_modified_gmt,post_content_filtered,post_parent,guid,menu_order,post_type,post_mime_type,comment_count
Mjk=,MQ==,MjAxOC0wMi0wNSAxMzoxNjoxNw==,MjAxOC0wMi0wNSAxMzoxNjoxNw==,ewogICAgImlsbGR5OjppbGxkeV9lbWFpbCI6IHsKICAgICAgICAidmFsdWUiOiAiaW5mb0Btb2hsYWxhYWx1bWluaXVtZ2xhc3MuY28uemEiLAogICAgICAgICJ0eXBlIjogInRoZW1lX21vZCIsCiAgICAgICAgInVzZXJfaWQiOiAxLAogICAgICAgICJkYXRlX21vZGlmaWVkX2dtdCI6ICIyMDE4LTAyLTA1IDEzOjE1OjUzIgogICAgfSwKICAgICJpbGxkeTo6aWxsZHlfY29udGFjdF91c19nZW5lcmFsX2NvbnRhY3RfZm9ybV83IjogewogICAgICAgICJ2YWx1ZSI6ICIwIiwKICAgICAgICAidHlwZSI6ICJ0aGVtZV9tb2QiLAogICAgICAgICJ1c2VyX2lkIjogMSwKICAgICAgICAiZGF0ZV9tb2RpZmllZF9nbXQiOiAiMjAxOC0wMi0wNSAxMzoxNjoxNyIKICAgIH0sCiAgICAiaWxsZHk6OmlsbGR5X3Bob25lIjogewogICAgICAgICJ2YWx1ZSI6ICIoMDcxKSAyMTUtODIyOSIsCiAgICAgICAgInR5cGUiOiAidGhlbWVfbW9kIiwKICAgICAgICAidXNlcl9pZCI6IDEsCiAgICAgICAgImRhdGVfbW9kaWZpZWRfZ210IjogIjIwMTgtMDItMDUgMTM6MTU6NTMiCiAgICB9LAogICAgImlsbGR5OjppbGxkeV9hZGRyZXNzMSI6IHsKICAgICAgICAidmFsdWUiOiAiMTc1NSBLaG96YSBzdHJlZXQsICIsCiAgICAgICAgInR5cGUiOiAidGhlbWVfbW9kIiwKICAgICAgICAidXNlcl9pZCI6IDEsCiAgICAgICAgImRhdGVfbW9kaWZpZWRfZ210IjogIjIwMTgtMDItMDUgMTM6MTU6NTMiCiAgICB9LAogICAgImlsbGR5OjppbGxkeV9hZGRyZXNzMiI6IHsKICAgICAgICAidmFsdWUiOiAiVGVtYmlzYSAiLAogICAgICAgICJ0eXBlIjogInRoZW1lX21vZCIsCiAgICAgICAgInVzZXJfaWQiOiAxLAogICAgICAgICJkYXRlX21vZGlmaWVkX2dtdCI6ICIyMDE4LTAyLTA1IDEzOjE1OjUzIgogICAgfQp9,,,dHJhc2g=,Y2xvc2Vk,Y2xvc2Vk,,YTRjMzc2M2EtMWQwZC00M2QzLTlhYjktMDIwZjJhN2I3ZWI5,,,MjAxOC0wMi0wNSAxMzoxNjoxNw==,MjAxOC0wMi0wNSAxMzoxNjoxNw==,,MA==,aHR0cDovL2xvY2FsaG9zdC8/cD0yOQ==,MA==,Y3VzdG9taXplX2NoYW5nZXNldA==,,MA==
ID,post_author,post_date,post_date_gmt,post_content,post_title,post_excerpt,post_status,comment_status,ping_status,post_password,post_name,to_ping,pinged,post_modified,post_modified_gmt,post_content_filtered,post_parent,guid,menu_order,post_type,post_mime_type,comment_count
MzA=,MQ==,MjAxOC0wMi0wNSAxMzoxOToxOA==,MjAxOC0wMi0wNSAxMzoxOToxOA==,PGxhYmVsPiBZb3VyIE5hbWUgKHJlcXVpcmVkKQ0KICAgIFt0ZXh0KiB5b3VyLW5hbWVdIDwvbGFiZWw+DQoNCjxsYWJlbD4gWW91ciBFbWFpbCAocmVxdWlyZWQpDQogICAgW2VtYWlsKiB5b3VyLWVtYWlsXSA8L2xhYmVsPg0KDQo8bGFiZWw+IFN1YmplY3QNCiAgICBbdGV4dCB5b3VyLXN1YmplY3RdIDwvbGFiZWw+DQoNCjxsYWJlbD4gWW91ciBNZXNzYWdlDQogICAgW3RleHRhcmVhIHlvdXItbWVzc2FnZV0gPC9sYWJlbD4NCg0KW3N1Ym1pdCAiU2VuZCJdCjEKTW9obGFsYSBBbHVtaW5pdW0gYW5kIEdsYXNzCmluZm9AbW9obGFsYWFsdW1pbml1bWdsYXNzLmNvLnphCmluZm9AbW9obGFsYWFsdW1pbml1bWdsYXNzLmNvLnphCkZyb206IFt5b3VyLW5hbWVdIDxbeW91ci1lbWFpbF0+DQpTdWJqZWN0OiBbeW91ci1zdWJqZWN0XQ0KDQpNZXNzYWdlIEJvZHk6DQpbeW91ci1tZXNzYWdlXQ0KDQotLSANClRoaXMgZS1tYWlsIHdhcyBzZW50IGZyb20gYSBjb250YWN0IGZvcm0gb24gTW9obGFsYSBBbHVtaW5pdW0gYW5kIEdsYXNzIChodHRwOi8vbG9jYWxob3N0KQpSZXBseS1UbzogW3lvdXItZW1haWxdCgoKCgpNb2hsYWxhIEFsdW1pbml1bSBhbmQgR2xhc3MgIlt5b3VyLXN1YmplY3RdIgpNb2hsYWxhIEFsdW1pbml1bSBhbmQgR2xhc3MgPGR1bWlpY3RAZ21haWwuY29tPgpbeW91ci1lbWFpbF0KTWVzc2FnZSBCb2R5Og0KW3lvdXItbWVzc2FnZV0NCg0KLS0gDQpUaGlzIGUtbWFpbCB3YXMgc2VudCBmcm9tIGEgY29udGFjdCBmb3JtIG9uIE1vaGxhbGEgQWx1bWluaXVtIGFuZCBHbGFzcyAoaHR0cDovL2xvY2FsaG9zdCkKUmVwbHktVG86IGR1bWlpY3RAZ21haWwuY29tCgoKClRoYW5rIHlvdSBmb3IgeW91ciBtZXNzYWdlLiBJdCBoYXMgYmVlbiBzZW50LgpUaGVyZSB3YXMgYW4gZXJyb3IgdHJ5aW5nIHRvIHNlbmQgeW91ciBtZXNzYWdlLiBQbGVhc2UgdHJ5IGFnYWluIGxhdGVyLgpPbmUgb3IgbW9yZSBmaWVsZHMgaGF2ZSBhbiBlcnJvci4gUGxlYXNlIGNoZWNrIGFuZCB0cnkgYWdhaW4uClRoZXJlIHdhcyBhbiBlcnJvciB0cnlpbmcgdG8gc2VuZCB5b3VyIG1lc3NhZ2UuIFBsZWFzZSB0cnkgYWdhaW4gbGF0ZXIuCllvdSBtdXN0IGFjY2VwdCB0aGUgdGVybXMgYW5kIGNvbmRpdGlvbnMgYmVmb3JlIHNlbmRpbmcgeW91ciBtZXNzYWdlLgpUaGUgZmllbGQgaXMgcmVxdWlyZWQuClRoZSBmaWVsZCBpcyB0b28gbG9uZy4KVGhlIGZpZWxkIGlzIHRvbyBzaG9ydC4KVGhlIGRhdGUgZm9ybWF0IGlzIGluY29ycmVjdC4KVGhlIGRhdGUgaXMgYmVmb3JlIHRoZSBlYXJsaWVzdCBvbmUgYWxsb3dlZC4KVGhlIGRhdGUgaXMgYWZ0ZXIgdGhlIGxhdGVzdCBvbmUgYWxsb3dlZC4KVGhlcmUgd2FzIGFuIHVua25vd24gZXJyb3IgdXBsb2FkaW5nIHRoZSBmaWxlLgpZb3UgYXJlIG5vdCBhbGxvd2VkIHRvIHVwbG9hZCBmaWxlcyBvZiB0aGlzIHR5cGUuClRoZSBmaWxlIGlzIHRvbyBiaWcuClRoZXJlIHdhcyBhbiBlcnJvciB1cGxvYWRpbmcgdGhlIGZpbGUuClRoZSBudW1iZXIgZm9ybWF0IGlzIGludmFsaWQuClRoZSBudW1iZXIgaXMgc21hbGxlciB0aGFuIHRoZSBtaW5pbXVtIGFsbG93ZWQuClRoZSBudW1iZXIgaXMgbGFyZ2VyIHRoYW4gdGhlIG1heGltdW0gYWxsb3dlZC4KVGhlIGFuc3dlciB0byB0aGUgcXVpeiBpcyBpbmNvcnJlY3QuCllvdXIgZW50ZXJlZCBjb2RlIGlzIGluY29ycmVjdC4KVGhlIGUtbWFpbCBhZGRyZXNzIGVudGVyZWQgaXMgaW52YWxpZC4KVGhlIFVSTCBpcyBpbnZhbGlkLgpUaGUgdGVsZXBob25lIG51bWJlciBpcyBpbnZhbGlkLg==,bW9obGFsYSBjb250YWN0,,cHVibGlzaA==,Y2xvc2Vk,Y2xvc2Vk,,dW50aXRsZWQ=,,,MjAxOC0wMi0wNSAxMzoyNToyNA==,MjAxOC0wMi0wNSAxMzoyNToyNA==,,MA==,aHR0cDovL2xvY2FsaG9zdC8/cG9zdF90eXBlPXdwY2Y3X2NvbnRhY3RfZm9ybSYjMDM4O3A9MzA=,MA==,d3BjZjdfY29udGFjdF9mb3Jt,,MA==
ID,post_author,post_date,post_date_gmt,post_content,post_title,post_excerpt,post_status,comment_status,ping_status,post_password,post_name,to_ping,pinged,post_modified,post_modified_gmt,post_content_filtered,post_parent,guid,menu_order,post_type,post_mime_type,comment_count
MzE=,MQ==,MjAxOC0wMi0wNSAxMzoyNjozMw==,MjAxOC0wMi0wNSAxMzoyNjozMw==,PGxhYmVsPiBZb3VyIE5hbWUgKHJlcXVpcmVkKQ0KICAgIFt0ZXh0KiB5b3VyLW5hbWVdIDwvbGFiZWw+DQoNCjxsYWJlbD4gWW91ciBFbWFpbCAocmVxdWlyZWQpDQogICAgW2VtYWlsKiB5b3VyLWVtYWlsXSA8L2xhYmVsPg0KDQo8bGFiZWw+IFN1YmplY3QNCiAgICBbdGV4dCB5b3VyLXN1YmplY3RdIDwvbGFiZWw+DQoNCjxsYWJlbD4gWW91ciBNZXNzYWdlDQogICAgW3RleHRhcmVhIHlvdXItbWVzc2FnZV0gPC9sYWJlbD4NCg0KW3N1Ym1pdCAiU2VuZCJdCjEKTW9obGFsYSBBbHVtaW5pdW0gYW5kIEdsYXNzICJbeW91ci1zdWJqZWN0XSIKW3lvdXItbmFtZV0gPGR1bWlpY3RAZ21haWwuY29tPgpkdW1paWN0QGdtYWlsLmNvbQpGcm9tOiBbeW91ci1uYW1lXSA8W3lvdXItZW1haWxdPg0KU3ViamVjdDogW3lvdXItc3ViamVjdF0NCg0KTWVzc2FnZSBCb2R5Og0KW3lvdXItbWVzc2FnZV0NCg0KLS0gDQpUaGlzIGUtbWFpbCB3YXMgc2VudCBmcm9tIGEgY29udGFjdCBmb3JtIG9uIE1vaGxhbGEgQWx1bWluaXVtIGFuZCBHbGFzcyAoaHR0cDovL2xvY2FsaG9zdCkKUmVwbHktVG86IFt5b3VyLWVtYWlsXQoKCgoKTW9obGFsYSBBbHVtaW5pdW0gYW5kIEdsYXNzICJbeW91ci1zdWJqZWN0XSIKTW9obGFsYSBBbHVtaW5pdW0gYW5kIEdsYXNzIDxkdW1paWN0QGdtYWlsLmNvbT4KW3lvdXItZW1haWxdCk1lc3NhZ2UgQm9keToNClt5b3VyLW1lc3NhZ2VdDQoNCi0tIA0KVGhpcyBlLW1haWwgd2FzIHNlbnQgZnJvbSBhIGNvbnRhY3QgZm9ybSBvbiBNb2hsYWxhIEFsdW1pbml1bSBhbmQgR2xhc3MgKGh0dHA6Ly9sb2NhbGhvc3QpClJlcGx5LVRvOiBkdW1paWN0QGdtYWlsLmNvbQoKCgpUaGFuayB5b3UgZm9yIHlvdXIgbWVzc2FnZS4gSXQgaGFzIGJlZW4gc2VudC4KVGhlcmUgd2FzIGFuIGVycm9yIHRyeWluZyB0byBzZW5kIHlvdXIgbWVzc2FnZS4gUGxlYXNlIHRyeSBhZ2FpbiBsYXRlci4KT25lIG9yIG1vcmUgZmllbGRzIGhhdmUgYW4gZXJyb3IuIFBsZWFzZSBjaGVjayBhbmQgdHJ5IGFnYWluLgpUaGVyZSB3YXMgYW4gZXJyb3IgdHJ5aW5nIHRvIHNlbmQgeW91ciBtZXNzYWdlLiBQbGVhc2UgdHJ5IGFnYWluIGxhdGVyLgpZb3UgbXVzdCBhY2NlcHQgdGhlIHRlcm1zIGFuZCBjb25kaXRpb25zIGJlZm9yZSBzZW5kaW5nIHlvdXIgbWVzc2FnZS4KVGhlIGZpZWxkIGlzIHJlcXVpcmVkLgpUaGUgZmllbGQgaXMgdG9vIGxvbmcuClRoZSBmaWVsZCBpcyB0b28gc2hvcnQuClRoZSBkYXRlIGZvcm1hdCBpcyBpbmNvcnJlY3QuClRoZSBkYXRlIGlzIGJlZm9yZSB0aGUgZWFybGllc3Qgb25lIGFsbG93ZWQuClRoZSBkYXRlIGlzIGFmdGVyIHRoZSBsYXRlc3Qgb25lIGFsbG93ZWQuClRoZXJlIHdhcyBhbiB1bmtub3duIGVycm9yIHVwbG9hZGluZyB0aGUgZmlsZS4KWW91IGFyZSBub3QgYWxsb3dlZCB0byB1cGxvYWQgZmlsZXMgb2YgdGhpcyB0eXBlLgpUaGUgZmlsZSBpcyB0b28gYmlnLgpUaGVyZSB3YXMgYW4gZXJyb3IgdXBsb2FkaW5nIHRoZSBmaWxlLgpUaGUgbnVtYmVyIGZvcm1hdCBpcyBpbnZhbGlkLgpUaGUgbnVtYmVyIGlzIHNtYWxsZXIgdGhhbiB0aGUgbWluaW11bSBhbGxvd2VkLgpUaGUgbnVtYmVyIGlzIGxhcmdlciB0aGFuIHRoZSBtYXhpbXVtIGFsbG93ZWQuClRoZSBhbnN3ZXIgdG8gdGhlIHF1aXogaXMgaW5jb3JyZWN0LgpZb3VyIGVudGVyZWQgY29kZSBpcyBpbmNvcnJlY3QuClRoZSBlLW1haWwgYWRkcmVzcyBlbnRlcmVkIGlzIGludmFsaWQuClRoZSBVUkwgaXMgaW52YWxpZC4KVGhlIHRlbGVwaG9uZSBudW1iZXIgaXMgaW52YWxpZC4=,VW50aXRsZWQ=,,cHVibGlzaA==,Y2xvc2Vk,Y2xvc2Vk,,dW50aXRsZWQtMg==,,,MjAxOC0wMi0wNSAxMzoyNjozMw==,MjAxOC0wMi0wNSAxMzoyNjozMw==,,MA==,aHR0cDovL2xvY2FsaG9zdC8/cG9zdF90eXBlPXdwY2Y3X2NvbnRhY3RfZm9ybSZwPTMx,MA==,d3BjZjdfY29udGFjdF9mb3Jt,,MA==
ID,post_author,post_date,post_date_gmt,post_content,post_title,post_excerpt,post_status,comment_status,ping_status,post_password,post_name,to_ping,pinged,post_modified,post_modified_gmt,post_content_filtered,post_parent,guid,menu_order,post_type,post_mime_type,comment_count
MzI=,MQ==,MjAxOC0wMi0wNSAxMzoyNzo1NQ==,MjAxOC0wMi0wNSAxMzoyNzo1NQ==,PGxhYmVsPiBZb3VyIE5hbWUgKHJlcXVpcmVkKQ0KICAgIFt0ZXh0KiB5b3VyLW5hbWVdIDwvbGFiZWw+DQoNCjxsYWJlbD4gWW91ciBFbWFpbCAocmVxdWlyZWQpDQogICAgW2VtYWlsKiB5b3VyLWVtYWlsXSA8L2xhYmVsPg0KDQo8bGFiZWw+IFN1YmplY3QNCiAgICBbdGV4dCB5b3VyLXN1YmplY3RdIDwvbGFiZWw+DQoNCjxsYWJlbD4gWW91ciBNZXNzYWdlDQogICAgW3RleHRhcmVhIHlvdXItbWVzc2FnZV0gPC9sYWJlbD4NCg0KW3N1Ym1pdCAiU2VuZCJdCjEKTW9obGFsYSBBbHVtaW5pdW0gYW5kIEdsYXNzIFF1b3RlCmluZm9AbW9obGFsYWFsdW1pbml1bWdsYXNzLmNvLnphCmluZm9AbW9obGFsYWFsdW1pbml1bWdsYXNzLmNvLnphCkZyb206IFt5b3VyLW5hbWVdIDxbeW91ci1lbWFpbF0+DQpTdWJqZWN0OiBbeW91ci1zdWJqZWN0XQ0KDQpNZXNzYWdlIEJvZHk6DQpbeW91ci1tZXNzYWdlXQ0KDQotLSANClRoaXMgZS1tYWlsIHdhcyBzZW50IGZyb20gYSBjb250YWN0IGZvcm0gb24gTW9obGFsYSBBbHVtaW5pdW0gYW5kIEdsYXNzIChodHRwOi8vbG9jYWxob3N0KQpSZXBseS1UbzogW3lvdXItZW1haWxdCgoKCgpNb2hsYWxhIEFsdW1pbml1bSBhbmQgR2xhc3MgIlt5b3VyLXN1YmplY3RdIgpNb2hsYWxhIEFsdW1pbml1bSBhbmQgR2xhc3MgPGR1bWlpY3RAZ21haWwuY29tPgpbeW91ci1lbWFpbF0KTWVzc2FnZSBCb2R5Og0KW3lvdXItbWVzc2FnZV0NCg0KLS0gDQpUaGlzIGUtbWFpbCB3YXMgc2VudCBmcm9tIGEgY29udGFjdCBmb3JtIG9uIE1vaGxhbGEgQWx1bWluaXVtIGFuZCBHbGFzcyAoaHR0cDovL2xvY2FsaG9zdCkKUmVwbHktVG86IGR1bWlpY3RAZ21haWwuY29tCgoKClRoYW5rIHlvdSBmb3IgeW91ciBtZXNzYWdlLiBJdCBoYXMgYmVlbiBzZW50LgpUaGVyZSB3YXMgYW4gZXJyb3IgdHJ5aW5nIHRvIHNlbmQgeW91ciBtZXNzYWdlLiBQbGVhc2UgdHJ5IGFnYWluIGxhdGVyLgpPbmUgb3IgbW9yZSBmaWVsZHMgaGF2ZSBhbiBlcnJvci4gUGxlYXNlIGNoZWNrIGFuZCB0cnkgYWdhaW4uClRoZXJlIHdhcyBhbiBlcnJvciB0cnlpbmcgdG8gc2VuZCB5b3VyIG1lc3NhZ2UuIFBsZWFzZSB0cnkgYWdhaW4gbGF0ZXIuCllvdSBtdXN0IGFjY2VwdCB0aGUgdGVybXMgYW5kIGNvbmRpdGlvbnMgYmVmb3JlIHNlbmRpbmcgeW91ciBtZXNzYWdlLgpUaGUgZmllbGQgaXMgcmVxdWlyZWQuClRoZSBmaWVsZCBpcyB0b28gbG9uZy4KVGhlIGZpZWxkIGlzIHRvbyBzaG9ydC4KVGhlIGRhdGUgZm9ybWF0IGlzIGluY29ycmVjdC4KVGhlIGRhdGUgaXMgYmVmb3JlIHRoZSBlYXJsaWVzdCBvbmUgYWxsb3dlZC4KVGhlIGRhdGUgaXMgYWZ0ZXIgdGhlIGxhdGVzdCBvbmUgYWxsb3dlZC4KVGhlcmUgd2FzIGFuIHVua25vd24gZXJyb3IgdXBsb2FkaW5nIHRoZSBmaWxlLgpZb3UgYXJlIG5vdCBhbGxvd2VkIHRvIHVwbG9hZCBmaWxlcyBvZiB0aGlzIHR5cGUuClRoZSBmaWxlIGlzIHRvbyBiaWcuClRoZXJlIHdhcyBhbiBlcnJvciB1cGxvYWRpbmcgdGhlIGZpbGUuClRoZSBudW1iZXIgZm9ybWF0IGlzIGludmFsaWQuClRoZSBudW1iZXIgaXMgc21hbGxlciB0aGFuIHRoZSBtaW5pbXVtIGFsbG93ZWQuClRoZSBudW1iZXIgaXMgbGFyZ2VyIHRoYW4gdGhlIG1heGltdW0gYWxsb3dlZC4KVGhlIGFuc3dlciB0byB0aGUgcXVpeiBpcyBpbmNvcnJlY3QuCllvdXIgZW50ZXJlZCBjb2RlIGlzIGluY29ycmVjdC4KVGhlIGUtbWFpbCBhZGRyZXNzIGVudGVyZWQgaXMgaW52YWxpZC4KVGhlIFVSTCBpcyBpbnZhbGlkLgpUaGUgdGVsZXBob25lIG51bWJlciBpcyBpbnZhbGlkLg==,bW9obGFsYQ==,,cHVibGlzaA==,Y2xvc2Vk,Y2xvc2Vk,,bW9obGFsYQ==,,,MjAxOC0wMi0wNSAxMzozMTo1Mw==,MjAxOC0wMi0wNSAxMzozMTo1Mw==,,MA==,aHR0cDovL2xvY2FsaG9zdC8/cG9zdF90eXBlPXdwY2Y3X2NvbnRhY3RfZm9ybSYjMDM4O3A9MzI=,MA==,d3BjZjdfY29udGFjdF9mb3Jt,,MA==
ID,post_author,post_date,post_date_gmt,post_content,post_title,post_excerpt,post_status,comment_status,ping_status,post_password,post_name,to_ping,pinged,post_modified,post_modified_gmt,post_content_filtered,post_parent,guid,menu_order,post_type,post_mime_type,comment_count
MzM=,MQ==,MjAxOC0wMi0wNSAxMzozMDo1MQ==,MDAwMC0wMC0wMCAwMDowMDowMA==,ewogICAgImlsbGR5OjppbGxkeV9jb250YWN0X3VzX2dlbmVyYWxfY29udGFjdF9mb3JtXzciOiB7CiAgICAgICAgInZhbHVlIjogImRlZmF1bHQiLAogICAgICAgICJ0eXBlIjogInRoZW1lX21vZCIsCiAgICAgICAgInVzZXJfaWQiOiAxLAogICAgICAgICJkYXRlX21vZGlmaWVkX2dtdCI6ICIyMDE4LTAyLTA1IDEzOjI4OjI0IgogICAgfSwKICAgICJpbGxkeTo6aWxsZHlfY29udGFjdF91c19lbnRyeSI6IHsKICAgICAgICAidmFsdWUiOiAiQW5kIHdlIHdpbGwgZ2V0IGluIHRvdWNoIGFzIHNvb24gYXMgcG9zc2libGUuXG5cbltjb250YWN0LWZvcm0tNyBpZD1cIjMwXCIgdGl0bGU9XCJtb2hsYWxhIGNvbnRhY3RcIl0iLAogICAgICAgICJ0eXBlIjogInRoZW1lX21vZCIsCiAgICAgICAgInVzZXJfaWQiOiAxLAogICAgICAgICJkYXRlX21vZGlmaWVkX2dtdCI6ICIyMDE4LTAyLTA1IDEzOjMwOjUxIgogICAgfQp9,,,YXV0by1kcmFmdA==,Y2xvc2Vk,Y2xvc2Vk,,Mjk2ZjY0MzgtNjI0MC00ODAzLWIzNTktNWNlOGZhOTc4ZGYz,,,MjAxOC0wMi0wNSAxMzozMDo1MQ==,MjAxOC0wMi0wNSAxMzozMDo1MQ==,,MA==,aHR0cDovL2xvY2FsaG9zdC8/cD0zMw==,MA==,Y3VzdG9taXplX2NoYW5nZXNldA==,,MA==
ID,post_author,post_date,post_date_gmt,post_content,post_title,post_excerpt,post_status,comment_status,ping_status,post_password,post_name,to_ping,pinged,post_modified,post_modified_gmt,post_content_filtered,post_parent,guid,menu_order,post_type,post_mime_type,comment_count
MzQ=,MQ==,MjAxOC0wMi0wNSAxMzozMzoxMg==,MjAxOC0wMi0wNSAxMzozMzoxMg==,ewogICAgImlsbGR5OjppbGxkeV9jb250YWN0X3VzX2dlbmVyYWxfY3VzdG9tZXJfc3VwcG9ydF90aXRsZSI6IHsKICAgICAgICAidmFsdWUiOiAiIiwKICAgICAgICAidHlwZSI6ICJ0aGVtZV9tb2QiLAogICAgICAgICJ1c2VyX2lkIjogMSwKICAgICAgICAiZGF0ZV9tb2RpZmllZF9nbXQiOiAiMjAxOC0wMi0wNSAxMzozMzoxMiIKICAgIH0sCiAgICAiaWxsZHk6OmlsbGR5X2NvbnRhY3RfdXNfZW50cnkiOiB7CiAgICAgICAgInZhbHVlIjogIkFuZCB3ZSB3aWxsIGdldCBpbiB0b3VjaCBhcyBzb29uIGFzIHBvc3NpYmxlLlxuXG4mbmJzcDtcblxuW2NvbnRhY3QtZm9ybS03IGlkPVwiMzJcIiB0aXRsZT1cIm1vaGxhbGFcIl0iLAogICAgICAgICJ0eXBlIjogInRoZW1lX21vZCIsCiAgICAgICAgInVzZXJfaWQiOiAxLAogICAgICAgICJkYXRlX21vZGlmaWVkX2dtdCI6ICIyMDE4LTAyLTA1IDEzOjMzOjEyIgogICAgfQp9,,,dHJhc2g=,Y2xvc2Vk,Y2xvc2Vk,,MzYzMGVjYmYtMTU4Yi00YWU0LTljMWItZjM4NzZhNWEzMjU2,,,MjAxOC0wMi0wNSAxMzozMzoxMg==,MjAxOC0wMi0wNSAxMzozMzoxMg==,,MA==,aHR0cDovL2xvY2FsaG9zdC8/cD0zNA==,MA==,Y3VzdG9taXplX2NoYW5nZXNldA==,,MA==
ID,post_author,post_date,post_date_gmt,post_content,post_title,post_excerpt,post_status,comment_status,ping_status,post_password,post_name,to_ping,pinged,post_modified,post_modified_gmt,post_content_filtered,post_parent,guid,menu_order,post_type,post_mime_type,comment_count
MzU=,MQ==,MjAxOC0wMi0wNSAxMzozNzoxNQ==,MjAxOC0wMi0wNSAxMzozNzoxNQ==,PGgzIHN0eWxlPSJ0ZXh0LWFsaWduOiBjZW50ZXI7Ij5XZSBXZWxjb21lIFlvdTwvaDM+DQo8cCBjbGFzcz0ic3ViIj5XZWxjb21lIHRvIG91ciBvZmZpY2lhbCB3ZWJzaXRlLiBNb2hsYWxhIGFsdW1pbnVtIGFuZCBnbGFzcyBpcyBhIHNtYWxsLW1lZGl1bSBlbnRlcnByaXNlIHRoYXQgc3BlY2lhbGl6ZXMgaW4gQWx1bWluaXVtIGFuZCBnbGFzcyBwcm9kdWN0cy4gV2UgYnVpbGQgY3VzdG9tIGRlc2lnbnMgZm9yIG91ciBjbGllbnRzIHdobyBhcmUgaG9tZW93bmVycyB3aG8gd2FudCB0byByZW5vdmF0ZSBvciBidWlsZCBpbnRvIHRoZWlyIGhvbWVzIHRoZSBtb3N0IGZhc2hpb25hYmxlIGRlc2lnbnMgb2YgYWx1bWludW0gZG9vcnMsIHdpbmRvd3MsIGZvbGRhYmxlIGdhcmFnZSBkb29ycywgYW5kIGdhdGVzLiBXZSBhcmUgbm90IG9ubHkgbGltaXRlZCB0byBwcm92aWRpbmcgcHJvZmVzc2lvbmFsIHNlcnZpY2VzIHRvIGhvbWVvd25lcnMsIHdlIGFsc28gd29yayB3aXRoIGNvbXBhbmllcyB0aGF0IHJlcXVpcmUgb2ZmaWNlIHNwYWNlIHN1cHBvcnQsIGZyb20gYWx1bWludW0gYW5kIGdsYXNzIHJhaWxpbmdzLCBvcGVuIG9mZmljZSBzcGFjZSBwYXJ0aXRpb25pbmcsIGFuZCBhbHNvIGNvbmZlcmVuY2Ugcm9vbSBwYXJ0aXRpb25pbmcuIFdlIGFyZSBoYXBweSB5b3UgdGhvdWdodCBvZiB1cyBhbmQgdGhhbmsgeW91IGZvciB0YWtpbmcgdGhlIHRpbWUgdG8gdmlzaXQgdXMuPC9wPg==,SG9tZQ==,,aW5oZXJpdA==,Y2xvc2Vk,Y2xvc2Vk,,Mi1yZXZpc2lvbi12MQ==,,,MjAxOC0wMi0wNSAxMzozNzoxNQ==,MjAxOC0wMi0wNSAxMzozNzoxNQ==,,Mg==,aHR0cDovL2xvY2FsaG9zdC8/cD0zNQ==,MA==,cmV2aXNpb24=,,MA==
ID,post_author,post_date,post_date_gmt,post_content,post_title,post_excerpt,post_status,comment_status,ping_status,post_password,post_name,to_ping,pinged,post_modified,post_modified_gmt,post_content_filtered,post_parent,guid,menu_order,post_type,post_mime_type,comment_count
MzY=,MQ==,MjAxOC0wMi0wNSAxMzozODoyMA==,MjAxOC0wMi0wNSAxMzozODoyMA==,ewogICAgImlsbGR5OjppbGxkeV9sYXRlc3RfbmV3c19nZW5lcmFsX3Nob3ciOiB7CiAgICAgICAgInZhbHVlIjogZmFsc2UsCiAgICAgICAgInR5cGUiOiAidGhlbWVfbW9kIiwKICAgICAgICAidXNlcl9pZCI6IDEsCiAgICAgICAgImRhdGVfbW9kaWZpZWRfZ210IjogIjIwMTgtMDItMDUgMTM6Mzg6MjAiCiAgICB9Cn0=,,,dHJhc2g=,Y2xvc2Vk,Y2xvc2Vk,,NTFhZjY5MzMtN2MwMS00MTI1LTkyNDItNmY0Yjg1OTdmZDlm,,,MjAxOC0wMi0wNSAxMzozODoyMA==,MjAxOC0wMi0wNSAxMzozODoyMA==,,MA==,aHR0cDovL2xvY2FsaG9zdC8/cD0zNg==,MA==,Y3VzdG9taXplX2NoYW5nZXNldA==,,MA==
ID,post_author,post_date,post_date_gmt,post_content,post_title,post_excerpt,post_status,comment_status,ping_status,post_password,post_name,to_ping,pinged,post_modified,post_modified_gmt,post_content_filtered,post_parent,guid,menu_order,post_type,post_mime_type,comment_count
Mzc=,MQ==,MjAxOC0wMi0wNSAxMzozOToyMA==,MjAxOC0wMi0wNSAxMzozOToyMA==,ewogICAgImlsbGR5OjppbGxkeV9qdW1ib3Ryb25fZW5hYmxlX3BhcmFsbGF4X2VmZmVjdCI6IHsKICAgICAgICAidmFsdWUiOiBmYWxzZSwKICAgICAgICAidHlwZSI6ICJ0aGVtZV9tb2QiLAogICAgICAgICJ1c2VyX2lkIjogMSwKICAgICAgICAiZGF0ZV9tb2RpZmllZF9nbXQiOiAiMjAxOC0wMi0wNSAxMzozOToxMSIKICAgIH0sCiAgICAiaWxsZHk6OmlsbGR5X2p1bWJvdHJvbl9nZW5lcmFsX3NlY29uZF9idXR0b25fdGl0bGUiOiB7CiAgICAgICAgInZhbHVlIjogIiIsCiAgICAgICAgInR5cGUiOiAidGhlbWVfbW9kIiwKICAgICAgICAidXNlcl9pZCI6IDEsCiAgICAgICAgImRhdGVfbW9kaWZpZWRfZ210IjogIjIwMTgtMDItMDUgMTM6Mzk6MTEiCiAgICB9LAogICAgImlsbGR5OjppbGxkeV9qdW1ib3Ryb25fZ2VuZXJhbF9lbnRyeSI6IHsKICAgICAgICAidmFsdWUiOiAiIiwKICAgICAgICAidHlwZSI6ICJ0aGVtZV9tb2QiLAogICAgICAgICJ1c2VyX2lkIjogMSwKICAgICAgICAiZGF0ZV9tb2RpZmllZF9nbXQiOiAiMjAxOC0wMi0wNSAxMzozOToxMSIKICAgIH0sCiAgICAiaWxsZHk6OmlsbGR5X2p1bWJvdHJvbl9nZW5lcmFsX2ZpcnN0X2J1dHRvbl90aXRsZSI6IHsKICAgICAgICAidmFsdWUiOiAiIiwKICAgICAgICAidHlwZSI6ICJ0aGVtZV9tb2QiLAogICAgICAgICJ1c2VyX2lkIjogMSwKICAgICAgICAiZGF0ZV9tb2RpZmllZF9nbXQiOiAiMjAxOC0wMi0wNSAxMzozOToyMCIKICAgIH0KfQ==,,,dHJhc2g=,Y2xvc2Vk,Y2xvc2Vk,,MjhjNmM4OTAtZGJjMy00MTFjLWJmNmQtZTRmZGE3OTZmMWRj,,,MjAxOC0wMi0wNSAxMzozOToyMA==,MjAxOC0wMi0wNSAxMzozOToyMA==,,MA==,aHR0cDovL2xvY2FsaG9zdC8/cD0zNw==,MA==,Y3VzdG9taXplX2NoYW5nZXNldA==,,MA==
ID,post_author,post_date,post_date_gmt,post_content,post_title,post_excerpt,post_status,comment_status,ping_status,post_password,post_name,to_ping,pinged,post_modified,post_modified_gmt,post_content_filtered,post_parent,guid,menu_order,post_type,post_mime_type,comment_count
Mzg=,MQ==,MjAxOC0wMi0wNSAxMzozOTo0Nw==,MjAxOC0wMi0wNSAxMzozOTo0Nw==,ewogICAgImlsbGR5OjppbGxkeV9qdW1ib3Ryb25fZW5hYmxlX3BhcmFsbGF4X2VmZmVjdCI6IHsKICAgICAgICAidmFsdWUiOiB0cnVlLAogICAgICAgICJ0eXBlIjogInRoZW1lX21vZCIsCiAgICAgICAgInVzZXJfaWQiOiAxLAogICAgICAgICJkYXRlX21vZGlmaWVkX2dtdCI6ICIyMDE4LTAyLTA1IDEzOjM5OjQ3IgogICAgfQp9,,,dHJhc2g=,Y2xvc2Vk,Y2xvc2Vk,,YzJhZGZmYzAtY2FmNi00Mjk0LWJhZDMtZjdlYjg2ZjNiMTFj,,,MjAxOC0wMi0wNSAxMzozOTo0Nw==,MjAxOC0wMi0wNSAxMzozOTo0Nw==,,MA==,aHR0cDovL2xvY2FsaG9zdC8/cD0zOA==,MA==,Y3VzdG9taXplX2NoYW5nZXNldA==,,MA==
ID,post_author,post_date,post_date_gmt,post_content,post_title,post_excerpt,post_status,comment_status,ping_status,post_password,post_name,to_ping,pinged,post_modified,post_modified_gmt,post_content_filtered,post_parent,guid,menu_order,post_type,post_mime_type,comment_count
Mzk=,MQ==,MjAxOC0wMi0wNSAxMzo0MDozMQ==,MjAxOC0wMi0wNSAxMzo0MDozMQ==,ewogICAgImlsbGR5OjppbGxkeV9qdW1ib3Ryb25fZ2VuZXJhbF9maXJzdF9idXR0b25fdGl0bGUiOiB7CiAgICAgICAgInZhbHVlIjogIkxlYXJuIG1vcmUiLAogICAgICAgICJ0eXBlIjogInRoZW1lX21vZCIsCiAgICAgICAgInVzZXJfaWQiOiAxLAogICAgICAgICJkYXRlX21vZGlmaWVkX2dtdCI6ICIyMDE4LTAyLTA1IDEzOjQwOjMxIgogICAgfSwKICAgICJpbGxkeTo6aWxsZHlfanVtYm90cm9uX2dlbmVyYWxfc2Vjb25kX2J1dHRvbl90aXRsZSI6IHsKICAgICAgICAidmFsdWUiOiAiRG93bmxvYWQiLAogICAgICAgICJ0eXBlIjogInRoZW1lX21vZCIsCiAgICAgICAgInVzZXJfaWQiOiAxLAogICAgICAgICJkYXRlX21vZGlmaWVkX2dtdCI6ICIyMDE4LTAyLTA1IDEzOjQwOjMxIgogICAgfQp9,,,dHJhc2g=,Y2xvc2Vk,Y2xvc2Vk,,NDUwZGU1ZWYtYWI0Mi00ZDQ4LWIyN2MtYTcwZGY2OGEwMTQ5,,,MjAxOC0wMi0wNSAxMzo0MDozMQ==,MjAxOC0wMi0wNSAxMzo0MDozMQ==,,MA==,aHR0cDovL2xvY2FsaG9zdC8/cD0zOQ==,MA==,Y3VzdG9taXplX2NoYW5nZXNldA==,,MA==
ID,post_author,post_date,post_date_gmt,post_content,post_title,post_excerpt,post_status,comment_status,ping_status,post_password,post_name,to_ping,pinged,post_modified,post_modified_gmt,post_content_filtered,post_parent,guid,menu_order,post_type,post_mime_type,comment_count
NDA=,MQ==,MjAxOC0wMi0wNSAxMzo0Mzo1MQ==,MjAxOC0wMi0wNSAxMzo0Mzo1MQ==,ewogICAgImlsbGR5OjppbGxkeV90ZXN0aW1vbmlhbHNfZ2VuZXJhbF9zaG93IjogewogICAgICAgICJ2YWx1ZSI6IGZhbHNlLAogICAgICAgICJ0eXBlIjogInRoZW1lX21vZCIsCiAgICAgICAgInVzZXJfaWQiOiAxLAogICAgICAgICJkYXRlX21vZGlmaWVkX2dtdCI6ICIyMDE4LTAyLTA1IDEzOjQxOjU2IgogICAgfSwKICAgICJpbGxkeTo6aWxsZHlfc2VydmljZXNfZ2VuZXJhbF9jb2xvciI6IHsKICAgICAgICAidmFsdWUiOiAiIzAwNWZiZiIsCiAgICAgICAgInR5cGUiOiAidGhlbWVfbW9kIiwKICAgICAgICAidXNlcl9pZCI6IDEsCiAgICAgICAgImRhdGVfbW9kaWZpZWRfZ210IjogIjIwMTgtMDItMDUgMTM6NDM6NTEiCiAgICB9Cn0=,,,dHJhc2g=,Y2xvc2Vk,Y2xvc2Vk,,NjEzZDFjMzMtMzJmYi00ZjE5LThmZWMtOGI2NGEyYThiYjkx,,,MjAxOC0wMi0wNSAxMzo0Mzo1MQ==,MjAxOC0wMi0wNSAxMzo0Mzo1MQ==,,MA==,aHR0cDovL2xvY2FsaG9zdC8/cD00MA==,MA==,Y3VzdG9taXplX2NoYW5nZXNldA==,,MA==
ID,post_author,post_date,post_date_gmt,post_content,post_title,post_excerpt,post_status,comment_status,ping_status,post_password,post_name,to_ping,pinged,post_modified,post_modified_gmt,post_content_filtered,post_parent,guid,menu_order,post_type,post_mime_type,comment_count
NDE=,MQ==,MjAxOC0wMi0wNSAxMzo1ODoxMA==,MjAxOC0wMi0wNSAxMzo1ODoxMA==,,aW1nX2JnXzQ=,,aW5oZXJpdA==,b3Blbg==,Y2xvc2Vk,,aW1nX2JnXzQ=,,,MjAxOC0wMi0wNSAxMzo1ODoxMA==,MjAxOC0wMi0wNSAxMzo1ODoxMA==,,MA==,aHR0cDovL2xvY2FsaG9zdC93cC1jb250ZW50L3VwbG9hZHMvMjAxOC8wMi9pbWdfYmdfNC5qcGc=,MA==,YXR0YWNobWVudA==,aW1hZ2UvanBlZw==,MA==
ID,post_author,post_date,post_date_gmt,post_content,post_title,post_excerpt,post_status,comment_status,ping_status,post_password,post_name,to_ping,pinged,post_modified,post_modified_gmt,post_content_filtered,post_parent,guid,menu_order,post_type,post_mime_type,comment_count
NDI=,MQ==,MjAxOC0wMi0wNSAxMzo1ODo0MA==,MjAxOC0wMi0wNSAxMzo1ODo0MA==,ewogICAgImlsbGR5OjppbGxkeV9qdW1ib3Ryb25fZ2VuZXJhbF9pbWFnZSI6IHsKICAgICAgICAidmFsdWUiOiAiaHR0cDovL2xvY2FsaG9zdC93cC1jb250ZW50L3VwbG9hZHMvMjAxOC8wMi9pbWdfYmdfNC5qcGciLAogICAgICAgICJ0eXBlIjogInRoZW1lX21vZCIsCiAgICAgICAgInVzZXJfaWQiOiAxLAogICAgICAgICJkYXRlX21vZGlmaWVkX2dtdCI6ICIyMDE4LTAyLTA1IDEzOjU4OjQwIgogICAgfSwKICAgICJpbGxkeTo6aWxsZHlfanVtYm90cm9uX2JhY2tncm91bmRfc2l6ZSI6IHsKICAgICAgICAidmFsdWUiOiAiY29udGFpbiIsCiAgICAgICAgInR5cGUiOiAidGhlbWVfbW9kIiwKICAgICAgICAidXNlcl9pZCI6IDEsCiAgICAgICAgImRhdGVfbW9kaWZpZWRfZ210IjogIjIwMTgtMDItMDUgMTM6NTg6NDAiCiAgICB9LAogICAgImlsbGR5OjppbGxkeV9qdW1ib3Ryb25fYmFja2dyb3VuZF9yZXBlYXQiOiB7CiAgICAgICAgInZhbHVlIjogdHJ1ZSwKICAgICAgICAidHlwZSI6ICJ0aGVtZV9tb2QiLAogICAgICAgICJ1c2VyX2lkIjogMSwKICAgICAgICAiZGF0ZV9tb2RpZmllZF9nbXQiOiAiMjAxOC0wMi0wNSAxMzo1ODo0MCIKICAgIH0sCiAgICAiaWxsZHk6OmlsbGR5X2p1bWJvdHJvbl9iYWNrZ3JvdW5kX2F0dGFjaG1lbnQiOiB7CiAgICAgICAgInZhbHVlIjogZmFsc2UsCiAgICAgICAgInR5cGUiOiAidGhlbWVfbW9kIiwKICAgICAgICAidXNlcl9pZCI6IDEsCiAgICAgICAgImRhdGVfbW9kaWZpZWRfZ210IjogIjIwMTgtMDItMDUgMTM6NTg6NDAiCiAgICB9Cn0=,,,dHJhc2g=,Y2xvc2Vk,Y2xvc2Vk,,YWRjZWUwOTUtMmVkMy00NzhlLWFmYjctNDRiMGRkY2Y5MDVj,,,MjAxOC0wMi0wNSAxMzo1ODo0MA==,MjAxOC0wMi0wNSAxMzo1ODo0MA==,,MA==,aHR0cDovL2xvY2FsaG9zdC8/cD00Mg==,MA==,Y3VzdG9taXplX2NoYW5nZXNldA==,,MA==
ID,post_author,post_date,post_date_gmt,post_content,post_title,post_excerpt,post_status,comment_status,ping_status,post_password,post_name,to_ping,pinged,post_modified,post_modified_gmt,post_content_filtered,post_parent,guid,menu_order,post_type,post_mime_type,comment_count
NDM=,MQ==,MjAxOC0wMi0wNSAxNDowMDozMg==,MjAxOC0wMi0wNSAxNDowMDozMg==,ewogICAgImlsbGR5OjppbGxkeV9jb250YWN0X3VzX2VudHJ5IjogewogICAgICAgICJ2YWx1ZSI6ICJBbmQgd2Ugd2lsbCBnZXQgaW4gdG91Y2ggYXMgc29vbiBhcyBwb3NzaWJsZS5cblxuJm5ic3A7IiwKICAgICAgICAidHlwZSI6ICJ0aGVtZV9tb2QiLAogICAgICAgICJ1c2VyX2lkIjogMSwKICAgICAgICAiZGF0ZV9tb2RpZmllZF9nbXQiOiAiMjAxOC0wMi0wNSAxNDowMDozMiIKICAgIH0sCiAgICAiaWxsZHk6OmlsbGR5X2NvbnRhY3RfdXNfZ2VuZXJhbF9jb250YWN0X2Zvcm1fNyI6IHsKICAgICAgICAidmFsdWUiOiAiMzIiLAogICAgICAgICJ0eXBlIjogInRoZW1lX21vZCIsCiAgICAgICAgInVzZXJfaWQiOiAxLAogICAgICAgICJkYXRlX21vZGlmaWVkX2dtdCI6ICIyMDE4LTAyLTA1IDE0OjAwOjMyIgogICAgfQp9,,,dHJhc2g=,Y2xvc2Vk,Y2xvc2Vk,,YTJlMmQ2NjItZTEzZi00N2FhLWJhZTktNzc4ZDkzN2UzNmU0,,,MjAxOC0wMi0wNSAxNDowMDozMg==,MjAxOC0wMi0wNSAxNDowMDozMg==,,MA==,aHR0cDovL2xvY2FsaG9zdC8/cD00Mw==,MA==,Y3VzdG9taXplX2NoYW5nZXNldA==,,MA==
ID,post_author,post_date,post_date_gmt,post_content,post_title,post_excerpt,post_status,comment_status,ping_status,post_password,post_name,to_ping,pinged,post_modified,post_modified_gmt,post_content_filtered,post_parent,guid,menu_order,post_type,post_mime_type,comment_count
NDQ=,MQ==,MjAxOC0wMi0wNSAxNDowMzoxOQ==,MjAxOC0wMi0wNSAxNDowMzoxOQ==,ewogICAgImlsbGR5OjppbGxkeV9qdW1ib3Ryb25fZ2VuZXJhbF9maXJzdF9idXR0b25fdGl0bGUiOiB7CiAgICAgICAgInZhbHVlIjogIiIsCiAgICAgICAgInR5cGUiOiAidGhlbWVfbW9kIiwKICAgICAgICAidXNlcl9pZCI6IDEsCiAgICAgICAgImRhdGVfbW9kaWZpZWRfZ210IjogIjIwMTgtMDItMDUgMTQ6MDM6MTkiCiAgICB9LAogICAgImlsbGR5OjppbGxkeV9qdW1ib3Ryb25fZ2VuZXJhbF9maXJzdF9idXR0b25fdXJsIjogewogICAgICAgICJ2YWx1ZSI6ICIiLAogICAgICAgICJ0eXBlIjogInRoZW1lX21vZCIsCiAgICAgICAgInVzZXJfaWQiOiAxLAogICAgICAgICJkYXRlX21vZGlmaWVkX2dtdCI6ICIyMDE4LTAyLTA1IDE0OjAzOjE5IgogICAgfSwKICAgICJpbGxkeTo6aWxsZHlfanVtYm90cm9uX2dlbmVyYWxfc2Vjb25kX2J1dHRvbl90aXRsZSI6IHsKICAgICAgICAidmFsdWUiOiAiIiwKICAgICAgICAidHlwZSI6ICJ0aGVtZV9tb2QiLAogICAgICAgICJ1c2VyX2lkIjogMSwKICAgICAgICAiZGF0ZV9tb2RpZmllZF9nbXQiOiAiMjAxOC0wMi0wNSAxNDowMzoxOSIKICAgIH0sCiAgICAiaWxsZHk6OmlsbGR5X2p1bWJvdHJvbl9nZW5lcmFsX3NlY29uZF9idXR0b25fdXJsIjogewogICAgICAgICJ2YWx1ZSI6ICIiLAogICAgICAgICJ0eXBlIjogInRoZW1lX21vZCIsCiAgICAgICAgInVzZXJfaWQiOiAxLAogICAgICAgICJkYXRlX21vZGlmaWVkX2dtdCI6ICIyMDE4LTAyLTA1IDE0OjAzOjE5IgogICAgfSwKICAgICJpbGxkeTo6aWxsZHlfanVtYm90cm9uX2JhY2tncm91bmRfcG9zaXRpb25feCI6IHsKICAgICAgICAidmFsdWUiOiAiY2VudGVyIiwKICAgICAgICAidHlwZSI6ICJ0aGVtZV9tb2QiLAogICAgICAgICJ1c2VyX2lkIjogMSwKICAgICAgICAiZGF0ZV9tb2RpZmllZF9nbXQiOiAiMjAxOC0wMi0wNSAxNDowMzoxOSIKICAgIH0sCiAgICAiaWxsZHk6OmlsbGR5X2p1bWJvdHJvbl9iYWNrZ3JvdW5kX3Bvc2l0aW9uX3kiOiB7CiAgICAgICAgInZhbHVlIjogImNlbnRlciIsCiAgICAgICAgInR5cGUiOiAidGhlbWVfbW9kIiwKICAgICAgICAidXNlcl9pZCI6IDEsCiAgICAgICAgImRhdGVfbW9kaWZpZWRfZ210IjogIjIwMTgtMDItMDUgMTQ6MDM6MTkiCiAgICB9LAogICAgImlsbGR5OjppbGxkeV9qdW1ib3Ryb25fYmFja2dyb3VuZF9zaXplIjogewogICAgICAgICJ2YWx1ZSI6ICJjb3ZlciIsCiAgICAgICAgInR5cGUiOiAidGhlbWVfbW9kIiwKICAgICAgICAidXNlcl9pZCI6IDEsCiAgICAgICAgImRhdGVfbW9kaWZpZWRfZ210IjogIjIwMTgtMDItMDUgMTQ6MDM6MTkiCiAgICB9LAogICAgImlsbGR5OjppbGxkeV9qdW1ib3Ryb25fYmFja2dyb3VuZF9yZXBlYXQiOiB7CiAgICAgICAgInZhbHVlIjogZmFsc2UsCiAgICAgICAgInR5cGUiOiAidGhlbWVfbW9kIiwKICAgICAgICAidXNlcl9pZCI6IDEsCiAgICAgICAgImRhdGVfbW9kaWZpZWRfZ210IjogIjIwMTgtMDItMDUgMTQ6MDM6MTkiCiAgICB9LAogICAgImlsbGR5OjppbGxkeV9qdW1ib3Ryb25fYmFja2dyb3VuZF9hdHRhY2htZW50IjogewogICAgICAgICJ2YWx1ZSI6IHRydWUsCiAgICAgICAgInR5cGUiOiAidGhlbWVfbW9kIiwKICAgICAgICAidXNlcl9pZCI6IDEsCiAgICAgICAgImRhdGVfbW9kaWZpZWRfZ210IjogIjIwMTgtMDItMDUgMTQ6MDM6MTkiCiAgICB9Cn0=,,,dHJhc2g=,Y2xvc2Vk,Y2xvc2Vk,,MjE0NGNlY2UtYmE1MC00OWQzLTg4NDktMGQyNTRjZjM5ZGYw,,,MjAxOC0wMi0wNSAxNDowMzoxOQ==,MjAxOC0wMi0wNSAxNDowMzoxOQ==,,MA==,aHR0cDovL2xvY2FsaG9zdC8/cD00NA==,MA==,Y3VzdG9taXplX2NoYW5nZXNldA==,,MA==
ID,post_author,post_date,post_date_gmt,post_content,post_title,post_excerpt,post_status,comment_status,ping_status,post_password,post_name,to_ping,pinged,post_modified,post_modified_gmt,post_content_filtered,post_parent,guid,menu_order,post_type,post_mime_type,comment_count
NDU=,MQ==,MjAxOC0wMi0wNSAxNDowNDoxMA==,MjAxOC0wMi0wNSAxNDowNDoxMA==,ewogICAgImlsbGR5OjppbGxkeV9qdW1ib3Ryb25fZ2VuZXJhbF9maXJzdF9idXR0b25fdGl0bGUiOiB7CiAgICAgICAgInZhbHVlIjogIlNjcm9sbCBEb3duIiwKICAgICAgICAidHlwZSI6ICJ0aGVtZV9tb2QiLAogICAgICAgICJ1c2VyX2lkIjogMSwKICAgICAgICAiZGF0ZV9tb2RpZmllZF9nbXQiOiAiMjAxOC0wMi0wNSAxNDowNDoxMCIKICAgIH0KfQ==,,,dHJhc2g=,Y2xvc2Vk,Y2xvc2Vk,,Njc2ZWNmMTgtOWNjNS00ZTQwLTk2ZDgtZmVkY2Q2Y2VkZDBj,,,MjAxOC0wMi0wNSAxNDowNDoxMA==,MjAxOC0wMi0wNSAxNDowNDoxMA==,,MA==,aHR0cDovL2xvY2FsaG9zdC8/cD00NQ==,MA==,Y3VzdG9taXplX2NoYW5nZXNldA==,,MA==
ID,post_author,post_date,post_date_gmt,post_content,post_title,post_excerpt,post_status,comment_status,ping_status,post_password,post_name,to_ping,pinged,post_modified,post_modified_gmt,post_content_filtered,post_parent,guid,menu_order,post_type,post_mime_type,comment_count
NDY=,MQ==,MjAxOC0wMi0wNSAxNDowOTowMA==,MjAxOC0wMi0wNSAxNDowOTowMA==,ewogICAgImlsbGR5OjppbGxkeV9zZXJ2aWNlc190aXRsZV9jb2xvciI6IHsKICAgICAgICAidmFsdWUiOiAiI2ZmZmZmZiIsCiAgICAgICAgInR5cGUiOiAidGhlbWVfbW9kIiwKICAgICAgICAidXNlcl9pZCI6IDEsCiAgICAgICAgImRhdGVfbW9kaWZpZWRfZ210IjogIjIwMTgtMDItMDUgMTQ6MDc6NDciCiAgICB9LAogICAgImlsbGR5OjppbGxkeV9zZXJ2aWNlc19kZXNjcmlwdGlvbnNfY29sb3IiOiB7CiAgICAgICAgInZhbHVlIjogIiNmZmZmZmYiLAogICAgICAgICJ0eXBlIjogInRoZW1lX21vZCIsCiAgICAgICAgInVzZXJfaWQiOiAxLAogICAgICAgICJkYXRlX21vZGlmaWVkX2dtdCI6ICIyMDE4LTAyLTA1IDE0OjA3OjQ3IgogICAgfSwKICAgICJ3aWRnZXRfaWxsZHlfc2VydmljZVszXSI6IHsKICAgICAgICAidmFsdWUiOiB7CiAgICAgICAgICAgICJlbmNvZGVkX3NlcmlhbGl6ZWRfaW5zdGFuY2UiOiAiWVRvME9udHpPalU2SW5ScGRHeGxJanR6T2pFNU9pSkJiSFZ0YVc1cGRXMGdZVzVrSUVkc1lYTnpJanR6T2pRNkltbGpiMjRpTzNNNk1USTZJbVpoSUdaaExYZHlaVzVqYUNJN2N6bzFPaUpsYm5SeWVTSTdjem94TkRJNklsZGxJSE53WldOcFlXeHBlbVVnYVc0Z1kzVnpkRzl0SUcxaFpHVWdZV3gxYldsdWFYVnRJSEJ5YjJSMVkzUnpJSEpoYm1kcGJtY2dabkp2YlNCRWIyOXljeXdnVjJsdVpHOTNjeXdnUjJGMFpYTXNJRWRoY21GblpTQkViMjl5Y3l3Z1UyeHBaR2x1WnlCRWIyOXljeXdnVDJabWFXTmxJSEJoY25ScGRHbHZibWx1WnlCaGJtUWdiVzl5WlM0aU8zTTZOVG9pWTI5c2IzSWlPM002TnpvaUkyWm1abVptWmlJN2ZRPT0iLAogICAgICAgICAgICAidGl0bGUiOiAiQWx1bWluaXVtIGFuZCBHbGFzcyIsCiAgICAgICAgICAgICJpc193aWRnZXRfY3VzdG9taXplcl9qc192YWx1ZSI6IHRydWUsCiAgICAgICAgICAgICJpbnN0YW5jZV9oYXNoX2tleSI6ICI1N2ZiNDhlMGNlOGRhZDU2Y2E3ZjJkYWU5ODhlNTE0OSIKICAgICAgICB9LAogICAgICAgICJ0eXBlIjogIm9wdGlvbiIsCiAgICAgICAgInVzZXJfaWQiOiAxLAogICAgICAgICJkYXRlX21vZGlmaWVkX2dtdCI6ICIyMDE4LTAyLTA1IDE0OjA4OjQ3IgogICAgfQp9,,,dHJhc2g=,Y2xvc2Vk,Y2xvc2Vk,,OTlmMzUyNjQtMmZhOC00MWJkLTlhY2MtOGM3NDIxNjgxOTVl,,,MjAxOC0wMi0wNSAxNDowOTowMA==,MjAxOC0wMi0wNSAxNDowOTowMA==,,MA==,aHR0cDovL2xvY2FsaG9zdC8/cD00Ng==,MA==,Y3VzdG9taXplX2NoYW5nZXNldA==,,MA==
ID,post_author,post_date,post_date_gmt,post_content,post_title,post_excerpt,post_status,comment_status,ping_status,post_password,post_name,to_ping,pinged,post_modified,post_modified_gmt,post_content_filtered,post_parent,guid,menu_order,post_type,post_mime_type,comment_count
NDc=,MQ==,MjAxOC0wMi0wNSAxNDoxMDowOA==,MjAxOC0wMi0wNSAxNDoxMDowOA==,ewogICAgIndpZGdldF9pbGxkeV9zZXJ2aWNlWzVdIjogewogICAgICAgICJ2YWx1ZSI6IHsKICAgICAgICAgICAgImVuY29kZWRfc2VyaWFsaXplZF9pbnN0YW5jZSI6ICJZVG8wT250ek9qVTZJblJwZEd4bElqdHpPakk0T2lKQmJIVnRhVzVwZFcwZ1lXNWtJRWRzWVhOeklGTjFjSEJzYVdWeUlqdHpPalE2SW1samIyNGlPM002TVRZNkltWmhJR1poTFdGMWRHOXRiMkpwYkdVaU8zTTZOVG9pWlc1MGNua2lPM002TVRRMk9pSlhaU0J6ZFhCd2JIa2dZV3gxYldsdWFYVnRJR0Z1WkNCbmJHRnpjeUIwYnlCamRYTjBiMjFsY25NZ2QyaHZJSEpsY1hWcGNtVWdjM1Z3Y0d4cFpYTWdkRzhnWTJ4cFpXNTBjeUIzYUc4Z1lYSmxJR2x1SUhSb1pTQnpZVzFsSUdKMWMybHVaWE56SUc5bUlHSjFhV3hrYVc1bklHRnVaQ0J0WVd0cGJtY2dZV3gxYldsdWFYVnRJSEJ5YjJSMVkzUnpMaUk3Y3pvMU9pSmpiMnh2Y2lJN2N6bzNPaUlqWm1abVptWm1JanQ5IiwKICAgICAgICAgICAgInRpdGxlIjogIkFsdW1pbml1bSBhbmQgR2xhc3MgU3VwcGxpZXIiLAogICAgICAgICAgICAiaXNfd2lkZ2V0X2N1c3RvbWl6ZXJfanNfdmFsdWUiOiB0cnVlLAogICAgICAgICAgICAiaW5zdGFuY2VfaGFzaF9rZXkiOiAiN2IwNjU2YTE1NmJmYWNjOTNhNjdjNjY5NDUxYzJlM2EiCiAgICAgICAgfSwKICAgICAgICAidHlwZSI6ICJvcHRpb24iLAogICAgICAgICJ1c2VyX2lkIjogMSwKICAgICAgICAiZGF0ZV9tb2RpZmllZF9nbXQiOiAiMjAxOC0wMi0wNSAxNDoxMDowOCIKICAgIH0KfQ==,,,dHJhc2g=,Y2xvc2Vk,Y2xvc2Vk,,NDg5ZjJjOTgtMTVjMi00ODJmLWE1MGQtNGFjMjhlNWMzM2I3,,,MjAxOC0wMi0wNSAxNDoxMDowOA==,MjAxOC0wMi0wNSAxNDoxMDowOA==,,MA==,aHR0cDovL2xvY2FsaG9zdC8/cD00Nw==,MA==,Y3VzdG9taXplX2NoYW5nZXNldA==,,MA==
ID,post_author,post_date,post_date_gmt,post_content,post_title,post_excerpt,post_status,comment_status,ping_status,post_password,post_name,to_ping,pinged,post_modified,post_modified_gmt,post_content_filtered,post_parent,guid,menu_order,post_type,post_mime_type,comment_count
NDg=,MQ==,MjAxOC0wMi0wNSAxNDoxMjoxNQ==,MjAxOC0wMi0wNSAxNDoxMjoxNQ==,ewogICAgImlsbGR5OjppbGxkeV9zZXJ2aWNlc19iYWNrZ3JvdW5kX3JlcGVhdCI6IHsKICAgICAgICAidmFsdWUiOiB0cnVlLAogICAgICAgICJ0eXBlIjogInRoZW1lX21vZCIsCiAgICAgICAgInVzZXJfaWQiOiAxLAogICAgICAgICJkYXRlX21vZGlmaWVkX2dtdCI6ICIyMDE4LTAyLTA1IDE0OjEyOjE1IgogICAgfQp9,,,dHJhc2g=,Y2xvc2Vk,Y2xvc2Vk,,Y2Y0ZGM4YWQtOGEzMC00ZjUzLTk0ZmItZjcxMmFhOWE3NWNk,,,MjAxOC0wMi0wNSAxNDoxMjoxNQ==,MjAxOC0wMi0wNSAxNDoxMjoxNQ==,,MA==,aHR0cDovL2xvY2FsaG9zdC8/cD00OA==,MA==,Y3VzdG9taXplX2NoYW5nZXNldA==,,MA==
ID,post_author,post_date,post_date_gmt,post_content,post_title,post_excerpt,post_status,comment_status,ping_status,post_password,post_name,to_ping,pinged,post_modified,post_modified_gmt,post_content_filtered,post_parent,guid,menu_order,post_type,post_mime_type,comment_count
NDk=,MQ==,MjAxOC0wMi0wNSAxNDoxMzozMg==,MjAxOC0wMi0wNSAxNDoxMzozMg==,ewogICAgInNpZGViYXJzX3dpZGdldHNbZnJvbnQtcGFnZS1zZXJ2aWNlcy1zaWRlYmFyXSI6IHsKICAgICAgICAidmFsdWUiOiBbCiAgICAgICAgICAgICJpbGxkeV9zZXJ2aWNlLTUiLAogICAgICAgICAgICAiaWxsZHlfc2VydmljZS0zIgogICAgICAgIF0sCiAgICAgICAgInR5cGUiOiAib3B0aW9uIiwKICAgICAgICAidXNlcl9pZCI6IDEsCiAgICAgICAgImRhdGVfbW9kaWZpZWRfZ210IjogIjIwMTgtMDItMDUgMTQ6MTM6MDAiCiAgICB9Cn0=,,,dHJhc2g=,Y2xvc2Vk,Y2xvc2Vk,,NDE5YjE0MTQtMjZhOS00Yzc0LTg4MzQtZDY0ZTJjYTVjOWY5,,,MjAxOC0wMi0wNSAxNDoxMzozMg==,MjAxOC0wMi0wNSAxNDoxMzozMg==,,MA==,aHR0cDovL2xvY2FsaG9zdC8/cD00OQ==,MA==,Y3VzdG9taXplX2NoYW5nZXNldA==,,MA==
ID,post_author,post_date,post_date_gmt,post_content,post_title,post_excerpt,post_status,comment_status,ping_status,post_password,post_name,to_ping,pinged,post_modified,post_modified_gmt,post_content_filtered,post_parent,guid,menu_order,post_type,post_mime_type,comment_count
NTA=,MQ==,MjAxOC0wMi0wNiAwODoyMjo1OA==,MjAxOC0wMi0wNiAwODoyMjo1OA==,ewogICAgImlsbGR5OjppbGxkeV9nb190b190b3AiOiB7CiAgICAgICAgInZhbHVlIjogdHJ1ZSwKICAgICAgICAidHlwZSI6ICJ0aGVtZV9tb2QiLAogICAgICAgICJ1c2VyX2lkIjogMSwKICAgICAgICAiZGF0ZV9tb2RpZmllZF9nbXQiOiAiMjAxOC0wMi0wNiAwODoyMjo1OCIKICAgIH0KfQ==,,,dHJhc2g=,Y2xvc2Vk,Y2xvc2Vk,,MmViNTY1MjAtMWI0YS00ZDQwLWI4MGEtOTBjNzRiOWZlMzMw,,,MjAxOC0wMi0wNiAwODoyMjo1OA==,MjAxOC0wMi0wNiAwODoyMjo1OA==,,MA==,aHR0cDovL2xvY2FsaG9zdC8/cD01MA==,MA==,Y3VzdG9taXplX2NoYW5nZXNldA==,,MA==
ID,post_author,post_date,post_date_gmt,post_content,post_title,post_excerpt,post_status,comment_status,ping_status,post_password,post_name,to_ping,pinged,post_modified,post_modified_gmt,post_content_filtered,post_parent,guid,menu_order,post_type,post_mime_type,comment_count
NTE=,MQ==,MjAxOC0wMi0wNiAwODoyMzoxOA==,MjAxOC0wMi0wNiAwODoyMzoxOA==,ewogICAgImlsbGR5OjppbGxkeV9zdGlja3lfaGVhZGVyX2VuYWJsZSI6IHsKICAgICAgICAidmFsdWUiOiB0cnVlLAogICAgICAgICJ0eXBlIjogInRoZW1lX21vZCIsCiAgICAgICAgInVzZXJfaWQiOiAxLAogICAgICAgICJkYXRlX21vZGlmaWVkX2dtdCI6ICIyMDE4LTAyLTA2IDA4OjIzOjE4IgogICAgfQp9,,,dHJhc2g=,Y2xvc2Vk,Y2xvc2Vk,,NWM0MjEzMDUtZWM1OC00NWU3LTg5NjgtZjZhM2RmMGM3NDg3,,,MjAxOC0wMi0wNiAwODoyMzoxOA==,MjAxOC0wMi0wNiAwODoyMzoxOA==,,MA==,aHR0cDovL2xvY2FsaG9zdC8/cD01MQ==,MA==,Y3VzdG9taXplX2NoYW5nZXNldA==,,MA==
ID,post_author,post_date,post_date_gmt,post_content,post_title,post_excerpt,post_status,comment_status,ping_status,post_password,post_name,to_ping,pinged,post_modified,post_modified_gmt,post_content_filtered,post_parent,guid,menu_order,post_type,post_mime_type,comment_count
NTI=,MQ==,MjAxOC0wMi0wNiAwODoyMzozMw==,MjAxOC0wMi0wNiAwODoyMzozMw==,ewogICAgImlsbGR5OjppbGxkeV9qdW1ib3Ryb25fZW5hYmxlX2ZlYXR1cmVkX2ltYWdlIjogewogICAgICAgICJ2YWx1ZSI6IHRydWUsCiAgICAgICAgInR5cGUiOiAidGhlbWVfbW9kIiwKICAgICAgICAidXNlcl9pZCI6IDEsCiAgICAgICAgImRhdGVfbW9kaWZpZWRfZ210IjogIjIwMTgtMDItMDYgMDg6MjM6MzMiCiAgICB9Cn0=,,,dHJhc2g=,Y2xvc2Vk,Y2xvc2Vk,,YjJkMzRkNTMtNjZmYi00NjE3LWE2MmEtMDVhZjgyOTc5MjA0,,,MjAxOC0wMi0wNiAwODoyMzozMw==,MjAxOC0wMi0wNiAwODoyMzozMw==,,MA==,aHR0cDovL2xvY2FsaG9zdC8/cD01Mg==,MA==,Y3VzdG9taXplX2NoYW5nZXNldA==,,MA==
ID,post_author,post_date,post_date_gmt,post_content,post_title,post_excerpt,post_status,comment_status,ping_status,post_password,post_name,to_ping,pinged,post_modified,post_modified_gmt,post_content_filtered,post_parent,guid,menu_order,post_type,post_mime_type,comment_count
NTM=,MQ==,MjAxOC0wMi0wNiAwODoyNDoxNQ==,MjAxOC0wMi0wNiAwODoyNDoxNQ==,ewogICAgImlsbGR5OjppbGxkeV9wcmVsb2FkZXJfZW5hYmxlIjogewogICAgICAgICJ2YWx1ZSI6IHRydWUsCiAgICAgICAgInR5cGUiOiAidGhlbWVfbW9kIiwKICAgICAgICAidXNlcl9pZCI6IDEsCiAgICAgICAgImRhdGVfbW9kaWZpZWRfZ210IjogIjIwMTgtMDItMDYgMDg6MjM6NTMiCiAgICB9LAogICAgImlsbGR5OjppbGxkeV9wcmVsb2FkZXJfcHJpbWFyeV9jb2xvciI6IHsKICAgICAgICAidmFsdWUiOiAiIzAwNjMyMyIsCiAgICAgICAgInR5cGUiOiAidGhlbWVfbW9kIiwKICAgICAgICAidXNlcl9pZCI6IDEsCiAgICAgICAgImRhdGVfbW9kaWZpZWRfZ210IjogIjIwMTgtMDItMDYgMDg6MjQ6MTUiCiAgICB9Cn0=,,,dHJhc2g=,Y2xvc2Vk,Y2xvc2Vk,,NWMyMGRjMjAtOTNjYi00MTBjLTg4ZWItZDRhYzY5ZDc5Yjg5,,,MjAxOC0wMi0wNiAwODoyNDoxNQ==,MjAxOC0wMi0wNiAwODoyNDoxNQ==,,MA==,aHR0cDovL2xvY2FsaG9zdC8/cD01Mw==,MA==,Y3VzdG9taXplX2NoYW5nZXNldA==,,MA==
